FECHA;EVENTO;LUGAR;MODALIDAD / FORMATO;APERTURA;CIERRE;AFORO;BARRIO;AÑO;MES
2/1/2024;Noche de Concierto- Juegos Macabeos;Templo Libertad;Recital;2/1/2024 19:00;2/1/2024 22:00;10.954;SAN NICOLÁS;2024;1
3/1/2024;Paseo Gastronómico;Campo Argentino de Polo;Recital;3/1/2024 00:00;4/1/2024 03:00;990;PALERMO;2024;1
4/1/2024;Paseo Gastronómico;Campo Argentino de Polo;Paseo;4/1/2024 00:00;5/1/2024 03:00;990;PALERMO;2024;1
4/1/2024;Ceremonia de Clausura - Juego Macabeos;Templo Libertad;Acto;4/1/2024 19:00;5/1/2024 00:00;10.954;SAN NICOLÁS;2024;1
5/1/2024;Paseo Gastronómico;Campo Argentino de Polo;Paseo;5/1/2024 12:00;5/1/2024 18:00;990;PALERMO;2024;1
5/1/2024;David Guetta;Movistar Arena;DJ SET;5/1/2024 19:00;6/1/2024 02:30;14.507;VILLA CRESPO;2024;1
5/1/2024;Carrera 1/4 de Milla;Autódromo de la Ciudad de Buenos Aires;Carrera;5/1/2024 20:00;7/1/2024 04:30;5.000;VILLA RIACHUELO;2024;1
6/1/2024;Paseo Gastronómico;Campo Argentino de Polo;Paseo;6/1/2024 12:00;6/1/2024 18:00;990;PALERMO;2024;1
6/1/2024;Carrera Midget;Autódromo de la Ciudad de Buenos Aires;Carrera;6/1/2024 18:00;7/1/2024 02:00;1.000;VILLA RIACHUELO;2024;1
6/1/2024;David Guetta;Movistar Arena;DJ SET;6/1/2024 19:00;7/1/2024 02:30;14.507;VILLA CRESPO;2024;1
7/1/2024;Paseo Gastronómico;Campo Argentino de Polo;Paseo;7/1/2024 12:00;7/1/2024 15:00;990;PALERMO;2024;1
7/1/2024;Shows DJ - Fiesta Bresh;GEBA - Jorge Newbery;Fiesta;7/1/2024 00:30;8/1/2024 06:30;7.999;PALERMO;2024;1
10/1/2024;Paseo Gastronómico;Campo Argentino de Polo;Paseo;10/1/2024 12:00;10/1/2024 15:00;990;PALERMO;2024;1
11/1/2024;Paseo Gastronómico;Campo Argentino de Polo;Paseo;11/1/2024 12:00;11/1/2024 15:00;990;PALERMO;2024;1
12/1/2024;Paseo Gastronómico;Campo Argentino de Polo;Paseo;12/1/2024 12:00;12/1/2024 18:00;990;PALERMO;2024;1
12/1/2024;Carrera 1/4 de Milla;Autódromo de la Ciudad de Buenos Aires;Carrera;12/1/2024 20:30;13/1/2024 04:30;1.000;VILLA RIACHUELO;2024;1
13/1/2024;Paseo Gastronómico;Campo Argentino de Polo;Paseo;13/1/2024 12:00;13/1/2024 18:00;990;PALERMO;2024;1
14/1/2024;Paseo Gastronómico;Campo Argentino de Polo;Paseo;14/1/2024 12:00;14/1/2024 15:00;990;PALERMO;2024;1
14/1/2024;Shows DJ - Fiesta Bresh;GEBA - Jorge Newbery;Fiesta;14/1/2024 00:30;15/1/2024 06:30;7.999;PALERMO;2024;1
17/1/2024;Paseo Gastronómico;Campo Argentino de Polo;Paseo;17/1/2024 12:00;17/1/2024 15:00;990;PALERMO;2024;1
17/1/2024;Acción de concientización Kfir Bibas;Parque Centenario;Acto;17/1/2024 14:00;17/1/2024 20:00;990;CABALLITO;2024;1
17/1/2024;Aven un lugar sin piso - Fuerza Bruta;GEBA - Roel Mora;Espectáculo;17/1/2024 20:00;17/1/2024 22:30;999;PALERMO;2024;1
18/1/2024;Verano BA: BA PLAYA;Parque de la Ciudad;Jornada;18/1/2024 10:00;18/1/2024 20:00;5.000;VILLA SOLDATI;2024;1
18/1/2024;Paseo Gastronómico;Campo Argentino de Polo;Paseo;18/1/2024 12:00;18/1/2024 15:00;990;PALERMO;2024;1
18/1/2024;Homenaje a Fernando Baez Sosa;Facultad de Derecho de la UBA;Acto;18/1/2024 18:00;18/1/2024 21:00;1.000;RECOLETA;2024;1
18/1/2024;Verano BA: BA PLAYA;Parque de los Niños;Jornada;18/1/2024 10:00;18/1/2024 20:00;4.990;NUÑEZ;2024;1
18/1/2024;Aven un lugar sin piso - Fuerza Bruta;GEBA - Roel Mora;Espectáculo;18/1/2024 20:00;19/1/2024 03:00;999;PALERMO;2024;1
19/1/2024;Paseo Gastronómico;Campo Argentino de Polo;Paseo;19/1/2024 12:00;19/1/2024 18:00;990;PALERMO;2024;1
19/1/2024;Cumbia Konex;Centro Cultural Konex;Recital;19/1/2024 23:30;20/1/2024 06:00;2.350;BALVANERA;2024;1
19/1/2024;Aven un lugar sin piso - Fuerza Bruta;GEBA - Roel Mora;Espectáculo;19/1/2024 18:00;19/1/2024 20:15;999;PALERMO;2024;1
19/1/2024;Divididos;Obras Sanitarias de la Nación - Indoors;Recital;19/1/2024 19:00;20/1/2024 01:00;4.980;NUÑEZ;2024;1
20/1/2024;Verano BA: BA PLAYA;Parque de la Ciudad;Jornada;20/1/2024 10:00;20/1/2024 20:00;5.000;VILLA SOLDATI;2024;1
20/1/2024;Paseo Gastronómico;Campo Argentino de Polo;Paseo;20/1/2024 12:00;20/1/2024 18:00;990;PALERMO;2024;1
20/1/2024;La Mágica;C Complejo Art Media;Recital;20/1/2024 23:00;21/1/2024 06:00;4.500;CHACARITA;2024;1
20/1/2024;Verano BA: BA PLAYA;Parque de los Niños;Jornada;20/1/2024 10:00;20/1/2024 20:00;5.000;NUÑEZ;2024;1
20/1/2024;Aven un lugar sin piso - Fuerza Bruta;GEBA - Roel Mora;Espectáculo;20/1/2024 18:00;20/1/2024 20:15;999;PALERMO;2024;1
20/1/2024;Divididos;Obras Sanitarias de la Nación - Indoors;Recital;20/1/2024 19:00;21/1/2024 01:00;4.980;NUÑEZ;2024;1
21/1/2024;Verano BA: BA PLAYA;Parque de la Ciudad;Jornada;21/1/2024 10:00;21/1/2024 21:00;10.000;VILLA SOLDATI;2024;1
21/1/2024;Paseo Gastronómico;Campo Argentino de Polo;Paseo;21/1/2024 12:00;21/1/2024 15:00;990;PALERMO;2024;1
21/1/2024;Shows DJ - Fiesta Bresh;GEBA - Jorge Newbery;Fiesta;21/1/2024 00:30;22/1/2024 06:30;7.999;PALERMO;2024;1
21/1/2024;Verano BA: BA PLAYA;Parque de los Niños;Jornada;21/1/2024 10:00;21/1/2024 21:00;10.000;NUÑEZ;2024;1
21/1/2024;Aven un lugar sin piso - Fuerza Bruta;GEBA - Roel Mora;Espectáculo;21/1/2024 18:00;21/1/2024 20:30;999;PALERMO;2024;1
22/1/2024;Nick Carter;C Complejo Art Media;Recital;22/1/2024 19:00;23/1/2024 01:00;4.500;CHACARITA;2024;1
23/1/2024;Verano BA: BA PLAYA;Parque de la Ciudad;Jornada;23/1/2024 10:00;23/1/2024 20:00;5.000;VILLA SOLDATI;2024;1
23/1/2024;Verano BA: BA PLAYA;Parque de los Niños;Jornada;23/1/2024 10:00;23/1/2024 20:00;5.000;NUÑEZ;2024;1
24/1/2024;Verano BA: BA PLAYA;Parque de la Ciudad;Jornada;24/1/2024 10:00;24/1/2024 20:00;5.000;VILLA SOLDATI;2024;1
24/1/2024;Paseo Gastronómico;Campo Argentino de Polo;Paseo;24/1/2024 12:00;25/1/2024 15:00;990;PALERMO;2024;1
24/1/2024;Verano BA: BA PLAYA;Parque de los Niños;Jornada;24/1/2024 10:00;24/1/2024 20:00;5.000;NUÑEZ;2024;1
24/1/2024;Aven un lugar sin piso - Fuerza Bruta;GEBA - Roel Mora;Espectáculo;24/1/2024 20:00;24/1/2024 22:30;999;PALERMO;2024;1
25/1/2024;Verano BA: BA PLAYA;Parque de la Ciudad;Jornada;25/1/2024 10:00;25/1/2024 20:00;5.000;VILLA SOLDATI;2024;1
25/1/2024;Paseo Gastronómico;Campo Argentino de Polo;Paseo;25/1/2024 12:00;26/1/2024 15:00;990;PALERMO;2024;1
25/1/2024;Verano BA: BA PLAYA;Parque de los Niños;Jornada;25/1/2024 10:00;25/1/2024 20:00;5.000;NUÑEZ;2024;1
25/1/2024;Aven un lugar sin piso - Fuerza Bruta;GEBA - Roel Mora;Espectáculo;25/1/2024 20:00;26/1/2024 03:00;999;PALERMO;2024;1
26/1/2024;Verano BA: BA PLAYA;Parque de la Ciudad;Jornada;26/1/2024 10:00;26/1/2024 20:00;5.000;VILLA SOLDATI;2024;1
26/1/2024;Paseo Gastronómico;Campo Argentino de Polo;Paseo;26/1/2024 12:00;26/1/2024 18:00;990;PALERMO;2024;1
26/1/2024;Carrera 1/4 de milla;Autódromo de la Ciudad de Buenos Aires;Carrera;26/1/2024 20:00;27/1/2024 04:30;1.000;VILLA RIACHUELO;2024;1
26/1/2024;Ulises Bueno;GEBA - Jorge Newbery;Recital;26/1/2024 20:30;27/1/2024 01:00;8.999;PALERMO;2024;1
26/1/2024;Verano BA: BA PLAYA;Parque de los Niños;Jornada;26/1/2024 10:00;26/1/2024 20:00;5.000;NUÑEZ;2024;1
26/1/2024;Aven un lugar sin piso - Fuerza Bruta;GEBA - Roel Mora;Espectáculo;26/1/2024 21:00;27/1/2024 01:00;999;PALERMO;2024;1
27/1/2024;Verano BA: BA PLAYA;Parque de la Ciudad;Jornada;27/1/2024 10:00;27/1/2024 20:00;5.000;VILLA SOLDATI;2024;1
27/1/2024;Paseo Gastronómico;Campo Argentino de Polo;Paseo;27/1/2024 12:00;27/1/2024 18:00;990;PALERMO;2024;1
27/1/2024;Carrera 1/4 de milla;Autódromo de la Ciudad de Buenos Aires;Carrera;27/1/2024 19:00;28/1/2024 02:00;2.000;VILLA RIACHUELO;2024;1
27/1/2024;Verano BA: BA PLAYA;Parque de los Niños;Jornada;27/1/2024 10:00;27/1/2024 20:00;5.000;NUÑEZ;2024;1
27/1/2024;Aven un lugar sin piso - Fuerza Bruta;GEBA - Roel Mora;Espectáculo;27/1/2024 18:00;27/1/2024 20:15;999;PALERMO;2024;1
28/1/2024;Verano BA: BA PLAYA;Parque de la Ciudad;Jornada;28/1/2024 10:00;28/1/2024 20:00;5.000;VILLA SOLDATI;2024;1
28/1/2024;Shows DJ - Fiesta Bresh;GEBA - Jorge Newbery;Fiesta;28/1/2024 00:30;29/1/2024 06:30;8.200;PALERMO;2024;1
28/1/2024;Circuito de las Estaciones: Verano;Av. Figueroa Alcorta y Av. Monroe;Carrera;28/1/2024 07:00;28/1/2024 11:00;3.500;BELGRANO;2024;1
28/1/2024;Paseo Gastronómico;Campo Argentino de Polo;Paseo;28/1/2024 12:00;28/1/2024 15:00;990;PALERMO;2024;1
28/1/2024;Verano BA: BA PLAYA;Parque de los Niños;Jornada;28/1/2024 10:00;28/1/2024 20:00;5.000;NUÑEZ;2024;1
28/1/2024;Aven un lugar sin piso - Fuerza Bruta;GEBA - Roel Mora;Espectáculo;28/1/2024 18:00;28/1/2024 20:30;999;PALERMO;2024;1
28/1/2024;La Fiesta de la Alasita;Parque Indoamericano;Fiesta;28/1/2024 12:00;29/1/2024 20:00;15.000;VILLA SOLDATI;2024;1
30/1/2024;Verano BA: BA PLAYA;Parque de la Ciudad;Jornada;30/1/2024 10:00;30/1/2024 20:00;5.000;VILLA SOLDATI;2024;1
30/1/2024;Verano BA: BA PLAYA;Parque de los Niños;Jornada;30/1/2024 10:00;30/1/2024 20:00;5.000;NUÑEZ;2024;1
31/1/2024;Verano BA: BA PLAYA;Parque de la Ciudad;Jornada;31/1/2024 10:00;31/1/2024 20:00;5.000;VILLA SOLDATI;2024;1
31/1/2024;Paseo Gastronómico;Campo Argentino de Polo;Paseo;31/1/2024 12:00;31/1/2024 15:00;990;PALERMO;2024;1
31/1/2024;Verano BA: BA PLAYA;Parque de los Niños;Jornada;31/1/2024 10:00;31/1/2024 20:00;5.000;NUÑEZ;2024;1
31/1/2024;Aven un lugar sin piso - Fuerza Bruta;GEBA - Roel Mora;Espectáculo;31/1/2024 18:00;31/1/2024 20:30;999;PALERMO;2024;1
1/2/2024;Verano BA: BA PLAYA;Parque de la Ciudad;Jornada;1/2/2024 10:00;1/2/2024 20:00;5.000;VILLA SOLDATI;2024;2
1/2/2024;Paseo Gastronómico;Campo Argentino de Polo;Paseo;1/2/2024 12:00;1/2/2024 15:00;990;PALERMO;2024;2
1/2/2024;Verano BA: BA PLAYA;Parque de los Niños;Jornada;1/2/2024 10:00;1/2/2024 20:00;5.000;NUÑEZ;2024;2
1/2/2024;Aven un lugar sin piso - Fuerza Bruta;GEBA - Roel Mora;Espectáculo;1/2/2024 21:00;2/2/2024 01:00;999;PALERMO;2024;2
2/2/2024;Verano BA: BA PLAYA;Parque de la Ciudad;Jornada;2/2/2024 10:00;2/2/2024 20:00;5.000;VILLA SOLDATI;2024;2
2/2/2024;Paseo Gastronómico;Campo Argentino de Polo;Paseo;2/2/2024 12:00;2/2/2024 18:00;990;PALERMO;2024;2
2/2/2024;Carrera 1/4 de Milla;Autódromo de la Ciudad de Buenos Aires;Carrera;2/2/2024 20:00;3/2/2024 04:30;1.500;VILLA RIACHUELO;2024;2
2/2/2024;Verano BA: BA PLAYA;Parque de los Niños;Jornada;2/2/2024 10:00;2/2/2024 20:00;5.000;NUÑEZ;2024;2
2/2/2024;Aven un lugar sin piso - Fuerza Bruta;GEBA - Roel Mora;Espectáculo;2/2/2024 21:00;3/2/2024 01:00;999;PALERMO;2024;2
3/2/2024;Verano BA: BA PLAYA;Parque de la Ciudad;Jornada;3/2/2024 10:00;3/2/2024 20:00;5.000;VILLA SOLDATI;2024;2
3/2/2024;Hitos de nuestro Automovilismo;Acera de la intersección Intendente Bunge y Andrés Bello –Parque 3 de Febrero;Exhibición;3/2/2024 10:00;3/2/2024 13:00;3.000;PALERMO;2024;2
3/2/2024;Paseo Gastronómico;Campo Argentino de Polo;Paseo;3/2/2024 12:00;3/2/2024 18:00;990;PALERMO;2024;2
3/2/2024;Año Nuevo Chino;Plaza Parques Nacionales;Festival;3/2/2024 17:00;3/2/2024 22:00;10.000;BELGRANO;2024;2
3/2/2024;Carnaval Porteño 2024 - Boedo 1;Av. Boedo e/ Av. Independencia y Av. San Juan;Carnaval;3/2/2024 17:00;3/2/2024 23:00;8.000;BOEDO;2024;2
3/2/2024;Carnaval Porteño 2024 - Caballito;"Almirante Juan F. Seguí entre Neuquén y Av. Gaona
";Carnaval;3/2/2024 17:00;3/2/2024 23:00;2.900;CABALLITO;2024;2
3/2/2024;Carnaval Porteño 2024 - Colegiales;Polideportivo Colegiales;Carnaval;3/2/2024 17:00;3/2/2024 23:00;1.000;COLEGIALES;2024;2
3/2/2024;Carnaval Porteño 2024 - Lugano 1;Av. Fernandez de la Cruz y Timoteo Gordillo;Carnaval;3/2/2024 17:00;3/2/2024 23:00;1.000;VILLA LUGANO;2024;2
3/2/2024;Carnaval Porteño 2024 - Mataderos;Av. Alberdi e/ Escalada y Araujo;Carnaval;3/2/2024 17:00;3/2/2024 23:00;8.000;MATADEROS;2024;2
3/2/2024;Carnaval Porteño 2024 - Saavedra;Av. Garcia del Río e/ Freire y Zapiola;Carnaval;3/2/2024 17:00;3/2/2024 23:00;8.000;SAAVEDRA;2024;2
3/2/2024;Carnaval Porteño 2024 - San Cristobal;Plaza Martin Fierro;Carnaval;3/2/2024 17:00;3/2/2024 23:00;1.000;SAN CRISTOBAL;2024;2
3/2/2024;Carnaval Porteño 2024 - San Telmo;Anfiteatro Parque Lezama;Carnaval;3/2/2024 17:00;13/2/2024 23:00;2.900;SAN TELMO;2024;2
3/2/2024;Carnaval Porteño 2024 - Villa Crespo;Scalabrini Ortiz e/ Av Corrientes y Juan Ramirez de Velazco;Carnaval;3/2/2024 17:00;3/2/2024 23:00;8.000;VILLA CRESPO;2024;2
3/2/2024;Carnaval Porteño 2024 - Villa Pueyrredón;Av. Mosconi e/ Bolivia y Terrada;Carnaval;3/2/2024 17:00;3/2/2024 23:00;8.000;VILLA PUEYRREDON;2024;2
3/2/2024;Carnaval Porteño 2024 - Villa Urquiza;Av. Triunvirato e/ Monroe y Olazabal;Carnaval;3/2/2024 17:00;3/2/2024 23:00;8.000;VILLA URQUIZA;2024;2
3/2/2024;Carrera de Midget;Autódromo de la Ciudad de Buenos Aires;Carrera;3/2/2024 18:00;4/2/2024 02:00;1.000;VILLA RIACHUELO;2024;2
3/2/2024;Verano BA: BA PLAYA;Parque de los Niños;Jornada;3/2/2024 10:00;3/2/2024 20:00;5.000;NUÑEZ;2024;2
3/2/2024;Aven un lugar sin piso - Fuerza Bruta;GEBA - Roel Mora;Espectáculo;3/2/2024 18:00;3/2/2024 20:15;999;PALERMO;2024;2
4/2/2024;Verano BA: BA PLAYA;Parque de la Ciudad;Jornada;4/2/2024 10:00;4/2/2024 20:00;5.000;VILLA SOLDATI;2024;2
4/2/2024;Shows DJ - Fiesta Bresh;GEBA - Jorge Newbery;Fiesta;4/2/2024 00:30;5/2/2024 06:30;7.999;PALERMO;2024;2
4/2/2024;Paseo Gastronómico;Campo Argentino de Polo;Paseo;4/2/2024 12:00;4/2/2024 15:00;990;PALERMO;2024;2
4/2/2024;Carnaval Porteño 2024 - Boedo 1;Av. Boedo e/ Av. Independencia y Av. San Juan;Carnaval;4/2/2024 17:00;4/2/2024 23:00;8.000;BOEDO;2024;2
4/2/2024;Carnaval Porteño 2024 - Caballito;"Almirante Juan F. Seguí entre Neuquén y Av. Gaona
";Carnaval;4/2/2024 17:00;4/2/2024 23:00;2.900;CABALLITO;2024;2
4/2/2024;Carnaval Porteño 2024 - Colegiales;Polideportivo Colegiales;Carnaval;4/2/2024 17:00;12/2/2024 23:00;1.000;COLEGIALES;2024;2
4/2/2024;Carnaval Porteño 2024 - Lugano 1;Av. Fernandez de la Cruz y Timoteo Gordillo;Carnaval;4/2/2024 17:00;4/2/2024 23:00;1.000;VILLA LUGANO;2024;2
4/2/2024;Carnaval Porteño 2024 - Mataderos;Av. Alberdi e/ Escalada y Araujo;Carnaval;4/2/2024 17:00;4/2/2024 23:00;8.000;MATADEROS;2024;2
4/2/2024;Carnaval Porteño 2024 - Saavedra;Av. Garcia del Río e/ Freire y Zapiola;Carnaval;4/2/2024 17:00;4/2/2024 23:00;8.000;SAAVEDRA;2024;2
4/2/2024;Carnaval Porteño 2024 - San Cristobal;Plaza Martin Fierro;Carnaval;4/2/2024 17:00;4/2/2024 23:00;1.000;SAN CRISTOBAL;2024;2
4/2/2024;Carnaval Porteño 2024 - San Telmo;Anfiteatro Parque Lezama;Carnaval;4/2/2024 17:00;13/2/2024 23:00;2.900;SAN TELMO;2024;2
4/2/2024;Carnaval Porteño 2024 - Villa Crespo;Scalabrini Ortiz e/ Av Corrientes y Juan Ramirez de Velazco;Carnaval;4/2/2024 17:00;4/2/2024 23:00;8.000;VILLA CRESPO;2024;2
4/2/2024;Carnaval Porteño 2024 - Villa Pueyrredón;Av. Mosconi e/ Bolivia y Terrada;Carnaval;4/2/2024 17:00;4/2/2024 23:00;8.000;VILLA PUEYRREDON;2024;2
4/2/2024;Carnaval Porteño 2024 - Villa Urquiza;Av. Triunvirato e/ Monroe y Olazabal;Carnaval;4/2/2024 17:00;4/2/2024 23:00;8.000;VILLA URQUIZA;2024;2
4/2/2024;Verano BA: BA PLAYA;Parque de los Niños;Jornada;4/2/2024 10:00;4/2/2024 20:00;5.000;NUÑEZ;2024;2
4/2/2024;Aven un lugar sin piso - Fuerza Bruta;GEBA - Roel Mora;Espectáculo;4/2/2024 18:00;4/2/2024 20:30;999;PALERMO;2024;2
6/2/2024;Verano BA: BA PLAYA;Parque de la Ciudad;Jornada;6/2/2024 10:00;6/2/2024 20:00;5.000;VILLA SOLDATI;2024;2
6/2/2024;Verano BA: BA PLAYA;Parque de los Niños;Jornada;6/2/2024 10:00;6/2/2024 20:00;5.000;NUÑEZ;2024;2
7/2/2024;Verano BA: BA PLAYA;Parque de la Ciudad;Jornada;7/2/2024 10:00;7/2/2024 20:00;5.000;VILLA SOLDATI;2024;2
7/2/2024;Paseo Gastronómico;Campo Argentino de Polo;Paseo;7/2/2024 12:00;7/2/2024 15:00;990;PALERMO;2024;2
7/2/2024;Verano BA: BA PLAYA;Parque de los Niños;Jornada;7/2/2024 10:00;7/2/2024 20:00;5.000;NUÑEZ;2024;2
8/2/2024;Verano BA: BA PLAYA;Parque de la Ciudad;Jornada;8/2/2024 10:00;8/2/2024 20:00;5.000;VILLA SOLDATI;2024;2
8/2/2024;Paseo Gastronómico;Campo Argentino de Polo;Paseo;8/2/2024 12:00;8/2/2024 15:00;990;PALERMO;2024;2
8/2/2024;Verano BA: BA PLAYA;Parque de los Niños;Jornada;8/2/2024 10:00;8/2/2024 20:00;5.000;NUÑEZ;2024;2
9/2/2024;Verano BA: BA PLAYA;Parque de la Ciudad;Jornada;9/2/2024 10:00;9/2/2024 20:00;5.000;VILLA SOLDATI;2024;2
9/2/2024;Paseo Gastronómico;Campo Argentino de Polo;Paseo;9/2/2024 12:00;9/2/2024 18:00;990;PALERMO;2024;2
9/2/2024;Slash;Movistar Arena;Recital;9/2/2024 19:00;10/2/2024 01:00;14.635;VILLA CRESPO;2024;2
9/2/2024;Carrera 1/4 de Milla;Autódromo de la Ciudad de Buenos Aires;Carrera;9/2/2024 20:30;10/2/2024 03:30;1.500;VILLA RIACHUELO;2024;2
9/2/2024;Verano BA: BA PLAYA;Parque de los Niños;Jornada;9/2/2024 10:00;9/2/2024 20:00;5.000;NUÑEZ;2024;2
10/2/2024;Soundgarden;GEBA - Jorge Newbery;DJ SET;10/2/2024 20:00;11/2/2024 06:00;8.000;PALERMO;2024;2
10/2/2024;Nick Warren;GEBA - Jorge Newbery;DJ SET;10/2/2024 22:00;11/2/2024 06:00;7.999;PALERMO;2024;2
10/2/2024;Verano BA: BA PLAYA;Parque de la Ciudad;Jornada;10/2/2024 10:00;10/2/2024 20:00;5.000;VILLA SOLDATI;2024;2
10/2/2024;Año Nuevo Chino;Barrio Chino;Festival;10/2/2024 00:00;10/2/2024 23:59;10.000;BELGRANO;2024;2
10/2/2024;Paseo Gastronómico;Campo Argentino de Polo;Paseo;10/2/2024 12:00;10/2/2024 18:00;990;PALERMO;2024;2
10/2/2024;Carnaval Porteño 2024 - Boedo 1;Av. Boedo e/ Av. Independencia y Av. San Juan;Carnaval;10/2/2024 17:00;10/2/2024 23:00;8.000;BOEDO;2024;2
10/2/2024;Carnaval Porteño 2024 - Caballito;"Almirante Juan F. Seguí entre Neuquén y Av. Gaona
";Carnaval;10/2/2024 17:00;10/2/2024 23:00;2.900;CABALLITO;2024;2
10/2/2024;Carnaval Porteño 2024 - Colegiales;Polideportivo Colegiales;Carnaval;10/2/2024 17:00;10/2/2024 23:00;1.000;COLEGIALES;2024;2
10/2/2024;Carnaval Porteño 2024 - Lugano 1;Av. Fernandez de la Cruz y Timoteo Gordillo;Carnaval;10/2/2024 17:00;10/2/2024 23:00;1.000;VILLA LUGANO;2024;2
10/2/2024;Carnaval Porteño 2024 - Mataderos;Av. Alberdi e/ Escalada y Araujo;Carnaval;10/2/2024 17:00;10/2/2024 23:00;8.000;MATADEROS;2024;2
10/2/2024;Carnaval Porteño 2024 - Palermo 2;Plaza Unidad Latinoamericana;Carnaval;10/2/2024 17:00;10/2/2024 23:00;2.900;PALERMO;2024;2
10/2/2024;Carnaval Porteño 2024 - Pompeya;Av. La Plata entre Fernandez De La Cruz y Av. Caseros;Carnaval;10/2/2024 17:00;10/2/2024 23:00;2.900;NUEVA POMPEYA;2024;2
10/2/2024;Carnaval Porteño 2024 - Saavedra;Av. Garcia del Río e/ Freire y Zapiola;Carnaval;10/2/2024 17:00;10/2/2024 23:00;8.000;SAAVEDRA;2024;2
10/2/2024;Carnaval Porteño 2024 - San Cristobal;Plaza Martin Fierro;Carnaval;10/2/2024 17:00;10/2/2024 23:00;1.000;SAN CRISTOBAL;2024;2
10/2/2024;Carnaval Porteño 2024 - San Telmo;Anfiteatro Parque Lezama;Carnaval;10/2/2024 17:00;10/2/2024 23:00;2.900;SAN TELMO;2024;2
10/2/2024;Carnaval Porteño 2024 - Villa Crespo;Scalabrini Ortiz e/ Av Corrientes y Juan Ramirez de Velazco;Carnaval;10/2/2024 17:00;10/2/2024 23:00;8.000;VILLA CRESPO;2024;2
10/2/2024;Carnaval Porteño 2024 - Villa Devoto;Plaza Teniente General Pablo Ricchieri;Carnaval;10/2/2024 17:00;10/2/2024 23:00;8.000;VILLA DEVOTO;2024;2
10/2/2024;Carnaval Porteño 2024 - Villa Lugano;Plaza Unidad Nacional;Carnaval;10/2/2024 17:00;10/2/2024 23:00;1.000;VILLA LUGANO;2024;2
10/2/2024;Carnaval Porteño 2024 - Villa Pueyrredón;Av. Mosconi e/ Bolivia y Terrada;Carnaval;10/2/2024 17:00;10/2/2024 23:00;8.000;VILLA PUEYRREDON;2024;2
10/2/2024;Carnaval Porteño 2024 - Villa Urquiza;Av. Triunvirato e/ Monroe y Olazabal;Carnaval;10/2/2024 17:00;10/2/2024 23:00;8.000;VILLA URQUIZA;2024;2
10/2/2024;Canonización de María Antonia de San José, Mamá Antula;Basílica Ntra. Sra. De la Piedad;Acto;10/2/2024 17:00;11/2/2024 01:00;1.000;SAN NICOLÁS;2024;2
10/2/2024;Carrera 1/4 de Milla;Autódromo de la Ciudad de Buenos Aires;Carrera;10/2/2024 20:30;11/2/2024 03:30;1.500;VILLA RIACHUELO;2024;2
10/2/2024;Cumbia Konek;Ciudad Cultural Konex;Recital;10/2/2024 23:30;11/2/2024 06:30;2.350;BALVANERA;2024;2
10/2/2024;Verano BA: BA PLAYA;Parque de los Niños;Jornada;10/2/2024 10:00;10/2/2024 20:00;5.000;NUÑEZ;2024;2
11/2/2024;Shows DJ - Fiesta Bresh;GEBA - Jorge Newbery;Fiesta;11/2/2024 00:30;12/2/2024 06:30;7.999;PALERMO;2024;2
11/2/2024;Verano BA: BA PLAYA;Parque de la Ciudad;Jornada;11/2/2024 10:00;11/2/2024 20:00;5.000;VILLA SOLDATI;2024;2
11/2/2024;Año Nuevo Chino;Barrio Chino;Festival;11/2/2024 00:00;11/2/2024 19:00;10.000;BELGRANO;2024;2
11/2/2024;Paseo Gastronómico;Campo Argentino de Polo;Paseo;11/2/2024 12:00;11/2/2024 15:00;990;PALERMO;2024;2
11/2/2024;Carnaval Porteño 2024 - Boedo 1;Av. Boedo e/ Av. Independencia y Av. San Juan;Carnaval;11/2/2024 17:00;11/2/2024 23:00;8.000;BOEDO;2024;2
11/2/2024;Carnaval Porteño 2024 - Caballito;Almirante Juan F. Seguí entre Neuquén y Av. Gaona;Carnaval;11/2/2024 17:00;11/2/2024 23:00;2.900;CABALLITO;2024;2
11/2/2024;Carnaval Porteño 2024 - Colegiales;Polideportivo Colegiales;Carnaval;11/2/2024 17:00;11/2/2024 23:00;1.000;COLEGIALES;2024;2
11/2/2024;Carnaval Porteño 2024 - Lugano 1;Av. Fernandez de la Cruz y Timoteo Gordillo;Carnaval;11/2/2024 17:00;11/2/2024 23:00;1.000;VILLA LUGANO;2024;2
11/2/2024;Carnaval Porteño 2024 - Mataderos;Av. Alberdi e/ Escalada y Araujo;Carnaval;11/2/2024 17:00;11/2/2024 23:00;8.000;MATADEROS;2024;2
11/2/2024;Carnaval Porteño 2024 - Palermo 2;Plaza Unidad Latinoamericana;Carnaval;11/2/2024 17:00;11/2/2024 23:00;2.900;PALERMO;2024;2
11/2/2024;Carnaval Porteño 2024 - Pompeya;Av. La Plata entre Fernandez De La Cruz y Av. Caseros;Carnaval;11/2/2024 17:00;11/2/2024 23:00;2.900;NUEVA POMPEYA;2024;2
11/2/2024;Carnaval Porteño 2024 - Saavedra;Av. Garcia del Río e/ Freire y Zapiola;Carnaval;11/2/2024 17:00;11/2/2024 23:00;8.000;SAAVEDRA;2024;2
11/2/2024;Carnaval Porteño 2024 - San Cristobal;Plaza Martin Fierro;Carnaval;11/2/2024 17:00;11/2/2024 23:00;1.000;SAN CRISTOBAL;2024;2
11/2/2024;Carnaval Porteño 2024 - San Telmo;Anfiteatro Parque Lezama;Carnaval;11/2/2024 17:00;11/2/2024 23:00;2.900;SAN TELMO;2024;2
11/2/2024;Carnaval Porteño 2024 - Villa Crespo;Scalabrini Ortiz e/ Av Corrientes y Juan Ramirez de Velazco;Carnaval;11/2/2024 17:00;11/2/2024 23:00;8.000;VILLA CRESPO;2024;2
11/2/2024;Carnaval Porteño 2024 - Villa Devoto;Plaza Teniente General Pablo Ricchieri;Carnaval;11/2/2024 17:00;11/2/2024 23:00;8.000;VILLA DEVOTO;2024;2
11/2/2024;Carnaval Porteño 2024 - Villa Lugano;Plaza Unidad Nacional;Carnaval;11/2/2024 17:00;11/2/2024 23:00;1.000;VILLA LUGANO;2024;2
11/2/2024;Carnaval Porteño 2024 - Villa Pueyrredón;Av. Mosconi e/ Bolivia y Terrada;Carnaval;11/2/2024 17:00;11/2/2024 23:00;8.000;VILLA PUEYRREDON;2024;2
11/2/2024;Carnaval Porteño 2024 - Villa Urquiza;Av. Triunvirato e/ Monroe y Olazabal;Carnaval;11/2/2024 17:00;11/2/2024 23:00;8.000;VILLA URQUIZA;2024;2
11/2/2024;Verano BA: BA PLAYA;Parque de los Niños;Jornada;11/2/2024 10:00;11/2/2024 20:00;5.000;NUÑEZ;2024;2
12/2/2024;Carnaval Porteño 2024 - Boedo 1;Av. Boedo e/ Av. Independencia y Av. San Juan;Carnaval;12/2/2024 17:00;12/2/2024 23:00;8.000;BOEDO;2024;2
12/2/2024;Carnaval Porteño 2024 - Caballito;"Almirante Juan F. Seguí entre Neuquén y Av. Gaona
";Carnaval;12/2/2024 17:00;12/2/2024 23:00;2.900;CABALLITO;2024;2
12/2/2024;Carnaval Porteño 2024 - Colegiales;Polideportivo Colegiales;Carnaval;12/2/2024 17:00;12/2/2024 23:00;1.000;COLEGIALES;2024;2
12/2/2024;Carnaval Porteño 2024 - Lugano 1;Av. Fernandez de la Cruz y Timoteo Gordillo;Carnaval;12/2/2024 17:00;12/2/2024 23:00;1.000;VILLA LUGANO;2024;2
12/2/2024;Carnaval Porteño 2024 - Mataderos;Av. Alberdi e/ Escalada y Araujo;Carnaval;12/2/2024 17:00;12/2/2024 23:00;8.000;MATADEROS;2024;2
12/2/2024;Carnaval Porteño 2024 - Palermo 2;Plaza Unidad Latinoamericana;Carnaval;12/2/2024 17:00;12/2/2024 23:00;2.900;PALERMO;2024;2
12/2/2024;Carnaval Porteño 2024 - Pompeya;Av. La Plata entre Fernandez De La Cruz y Av. Caseros;Carnaval;12/2/2024 17:00;12/2/2024 23:00;2.900;NUEVA POMPEYA;2024;2
12/2/2024;Carnaval Porteño 2024 - Saavedra;Av. Garcia del Río e/ Freire y Zapiola;Carnaval;12/2/2024 17:00;12/2/2024 23:00;8.000;SAAVEDRA;2024;2
12/2/2024;Carnaval Porteño 2024 - San Telmo;Anfiteatro Parque Lezama;Carnaval;12/2/2024 17:00;12/2/2024 23:00;2.900;SAN TELMO;2024;2
12/2/2024;Carnaval Porteño 2024 - Villa Crespo;Scalabrini Ortiz e/ Av Corrientes y Juan Ramirez de Velazco;Carnaval;12/2/2024 17:00;12/2/2024 23:00;8.000;VILLA CRESPO;2024;2
12/2/2024;Carnaval Porteño 2024 - Villa Devoto;Plaza Teniente General Pablo Ricchieri;Carnaval;12/2/2024 17:00;12/2/2024 23:00;8.000;VILLA DEVOTO;2024;2
12/2/2024;Carnaval Porteño 2024 - Villa Lugano;Plaza Unidad Nacional;Carnaval;12/2/2024 17:00;12/2/2024 23:00;1.000;VILLA LUGANO;2024;2
12/2/2024;Carnaval Porteño 2024 - Villa Pueyrredón;Av. Mosconi e/ Bolivia y Terrada;Carnaval;12/2/2024 17:00;12/2/2024 23:00;8.000;VILLA PUEYRREDON;2024;2
12/2/2024;Carnaval Porteño 2024 - Villa Urquiza;Av. Triunvirato e/ Monroe y Olazabal;Carnaval;12/2/2024 17:00;12/2/2024 23:00;8.000;VILLA URQUIZA;2024;2
12/2/2024;La bomba de carnaval;Ciudad Cultural Konex;Recital;12/2/2024 23:30;13/2/2024 05:30;2.350;BALVANERA;2024;2
13/2/2024;Verano BA: BA PLAYA;Parque de la Ciudad;Jornada;13/2/2024 10:00;13/2/2024 20:00;5.000;VILLA SOLDATI;2024;2
13/2/2024;Carnaval Porteño 2024 - Boedo 1;Av. Boedo e/ Av. Independencia y Av. San Juan;Carnaval;13/2/2024 17:00;13/2/2024 23:00;8.000;BOEDO;2024;2
13/2/2024;Carnaval Porteño 2024 - Caballito;"Almirante Juan F. Seguí entre Neuquén y Av. Gaona
";Carnaval;13/2/2024 17:00;13/2/2024 23:00;2.900;CABALLITO;2024;2
13/2/2024;Carnaval Porteño 2024 - Colegiales;Polideportivo Colegiales;Carnaval;13/2/2024 17:00;13/2/2024 23:00;1.000;COLEGIALES;2024;2
13/2/2024;Carnaval Porteño 2024 - Lugano 1;Av. Fernandez de la Cruz y Timoteo Gordillo;Carnaval;13/2/2024 17:00;13/2/2024 23:00;1.000;VILLA LUGANO;2024;2
13/2/2024;Carnaval Porteño 2024 - Mataderos;Av. Alberdi e/ Escalada y Araujo;Carnaval;13/2/2024 17:00;13/2/2024 23:00;8.000;MATADEROS;2024;2
13/2/2024;Carnaval Porteño 2024 - Palermo 2;Plaza Unidad Latinoamericana;Carnaval;13/2/2024 17:00;13/2/2024 23:00;2.900;PALERMO;2024;2
13/2/2024;Carnaval Porteño 2024 - Pompeya;Av. La Plata entre Fernandez De La Cruz y Av. Caseros;Carnaval;13/2/2024 17:00;13/2/2024 23:00;2.900;NUEVA POMPEYA;2024;2
13/2/2024;Carnaval Porteño 2024 - Saavedra;Av. Garcia del Río e/ Freire y Zapiola;Carnaval;13/2/2024 17:00;13/2/2024 23:00;8.000;SAAVEDRA;2024;2
13/2/2024;Carnaval Porteño 2024 - San Telmo;Anfiteatro Parque Lezama;Carnaval;13/2/2024 17:00;13/2/2024 23:00;2.900;SAN TELMO;2024;2
13/2/2024;Carnaval Porteño 2024 - Villa Crespo;Scalabrini Ortiz e/ Av Corrientes y Juan Ramirez de Velazco;Carnaval;13/2/2024 17:00;13/2/2024 23:00;8.000;VILLA CRESPO;2024;2
13/2/2024;Carnaval Porteño 2024 - Villa Devoto;Plaza Teniente General Pablo Ricchieri;Carnaval;13/2/2024 17:00;13/2/2024 23:00;8.000;VILLA DEVOTO;2024;2
13/2/2024;Carnaval Porteño 2024 - Villa Lugano;Plaza Unidad Nacional;Carnaval;13/2/2024 17:00;13/2/2024 23:00;1.000;VILLA LUGANO;2024;2
13/2/2024;Carnaval Porteño 2024 - Villa Pueyrredón;Av. Mosconi e/ Bolivia y Terrada;Carnaval;13/2/2024 17:00;13/2/2024 23:00;8.000;VILLA PUEYRREDON;2024;2
13/2/2024;Carnaval Porteño 2024 - Villa Urquiza;Av. Triunvirato e/ Monroe y Olazabal;Carnaval;13/2/2024 17:00;13/2/2024 23:00;8.000;VILLA URQUIZA;2024;2
13/2/2024;Verano BA: BA PLAYA;Parque de los Niños;Jornada;13/2/2024 10:00;13/2/2024 20:00;5.000;NUÑEZ;2024;2
13/2/2024;Burger Fest;Hipódromo de Palermo;Festival;13/2/2024 17:00;14/2/2024 02:00;1.500;PALERMO;2024;2
14/2/2024;Verano BA: BA PLAYA;Parque de la Ciudad;Jornada;14/2/2024 10:00;14/2/2024 20:00;5.000;VILLA SOLDATI;2024;2
14/2/2024;Paseo Gastronómico;Campo Argentino de Polo;Paseo;14/2/2024 12:00;14/2/2024 15:00;990;PALERMO;2024;2
14/2/2024;Carnaval Porteño 2024 - Pompeya;Av. La Plata entre Fernandez De La Cruz y Av. Caseros;Carnaval;14/2/2024 14:00;15/2/2024 02:00;2.900;NUEVA POMPEYA;2024;2
14/2/2024;Verano BA: BA PLAYA;Parque de los Niños;Jornada;14/2/2024 10:00;14/2/2024 20:00;5.000;NUÑEZ;2024;2
15/2/2024;Verano BA: BA PLAYA;Parque de la Ciudad;Jornada;15/2/2024 10:00;15/2/2024 20:00;5.000;VILLA SOLDATI;2024;2
15/2/2024;Paseo Gastronómico;Campo Argentino de Polo;Paseo;15/2/2024 12:00;15/2/2024 15:00;990;PALERMO;2024;2
15/2/2024;Ballet Folclorico Nacional en Explanada;Centro Cultural Kirchner;Espectáculo;15/2/2024 18:00;15/2/2024 22:00;2.500;SAN NICOLÁS;2024;2
15/2/2024;Verano BA: BA PLAYA;Parque de los Niños;Jornada;15/2/2024 10:00;15/2/2024 20:00;5.000;NUÑEZ;2024;2
15/2/2024;Manu Chao Acústico;Obras Sanitarias de la Nación - Indoors;Recital;15/2/2024 19:00;16/2/2024 01:00;4.980;NUÑEZ;2024;2
16/2/2024;Verano BA: BA PLAYA;Parque de la Ciudad;Jornada;16/2/2024 10:00;16/2/2024 20:00;5.000;VILLA SOLDATI;2024;2
16/2/2024;Paseo Gastronómico;Campo Argentino de Polo;Paseo;16/2/2024 12:00;16/2/2024 18:00;990;PALERMO;2024;2
16/2/2024;Verano BA: BA PLAYA;Parque de los Niños;Jornada;16/2/2024 10:00;16/2/2024 20:00;5.000;NUÑEZ;2024;2
17/2/2024;Verano BA: BA PLAYA;Parque de la Ciudad;Jornada;17/2/2024 10:00;17/2/2024 20:00;5.000;VILLA SOLDATI;2024;2
17/2/2024;Paseo Gastronómico;Campo Argentino de Polo;Paseo;17/2/2024 12:00;17/2/2024 18:00;990;PALERMO;2024;2
17/2/2024;Carnaval Porteño 2024 - Caballito;"Almirante Juan F. Seguí entre Neuquén y Av. Gaona
";Carnaval;17/2/2024 14:00;18/2/2024 04:00;2.900;CABALLITO;2024;2
17/2/2024;Carnaval Porteño 2024 - Pompeya;Av. La Plata entre Fernandez De La Cruz y Av. Caseros;Carnaval;17/2/2024 14:00;18/2/2024 04:00;2.900;NUEVA POMPEYA;2024;2
17/2/2024;Carnaval Porteño 2024 - Boedo 1;Av. Boedo e/ Av. Independencia y Av. San Juan;Carnaval;17/2/2024 17:00;17/2/2024 23:00;8.000;BOEDO;2024;2
17/2/2024;Carnaval Porteño 2024 - Colegiales;Polideportivo Colegiales;Carnaval;17/2/2024 17:00;17/2/2024 23:00;1.000;COLEGIALES;2024;2
17/2/2024;Carnaval Porteño 2024 - Mataderos;Av. Alberdi e/ Escalada y Araujo;Carnaval;17/2/2024 17:00;17/2/2024 23:00;8.000;MATADEROS;2024;2
17/2/2024;Carnaval Porteño 2024 - Saavedra;Av. Garcia del Río e/ Freire y Zapiola;Carnaval;17/2/2024 17:00;17/2/2024 23:00;8.000;SAAVEDRA;2024;2
17/2/2024;Carnaval Porteño 2024 - San Telmo;Anfiteatro Parque Lezama;Carnaval;17/2/2024 17:00;18/2/2024 23:00;2.900;SAN TELMO;2024;2
17/2/2024;Carnaval Porteño 2024 - Villa Devoto;Plaza Teniente General Pablo Ricchieri;Carnaval;17/2/2024 17:00;18/2/2024 23:00;8.000;VILLA DEVOTO;2024;2
17/2/2024;Carnaval Porteño 2024 - Villa Pueyrredón;Av. Mosconi e/ Bolivia y Terrada;Carnaval;17/2/2024 17:00;17/2/2024 23:00;8.000;VILLA PUEYRREDON;2024;2
17/2/2024;Carnaval Porteño 2024 - Villa Urquiza;Av. Triunvirato e/ Monroe y Olazabal;Carnaval;17/2/2024 17:00;17/2/2024 23:00;8.000;VILLA URQUIZA;2024;2
17/2/2024;Carrera Midget;Autódromo de la Ciudad de Buenos Aires;Carrera;17/2/2024 18:00;18/2/2024 02:00;1.500;VILLA RIACHUELO;2024;2
17/2/2024;Verano BA: BA PLAYA;Parque de los Niños;Jornada;17/2/2024 10:00;17/2/2024 20:00;5.000;NUÑEZ;2024;2
17/2/2024;Burger Fest;Hipódromo de Palermo;Festival;17/2/2024 17:00;18/2/2024 02:00;1.500;PALERMO;2024;2
17/2/2024;Mind Against;Mandarine Tent;DJ SET;17/2/2024 23:00;18/2/2024 06:00;4.950;PALERMO;2024;2
18/2/2024;Shows DJ - Fiesta Bresh;GEBA - Jorge Newbery;Fiesta;18/2/2024 00:30;19/2/2024 06:30;7.999;PALERMO;2024;2
18/2/2024;Verano BA: BA PLAYA;Parque de la Ciudad;Jornada;18/2/2024 10:00;18/2/2024 20:00;5.000;VILLA SOLDATI;2024;2
18/2/2024;Paseo Gastronómico;Campo Argentino de Polo;Paseo;18/2/2024 12:00;18/2/2024 15:00;990;PALERMO;2024;2
18/2/2024;Carnaval Porteño 2024 - Pompeya;Av. La Plata entre Fernandez De La Cruz y Av. Caseros;Carnaval;18/2/2024 14:00;19/2/2024 04:00;2.900;NUEVA POMPEYA;2024;2
18/2/2024;Carnaval Porteño 2024 - Boedo 1;Av. Boedo e/ Av. Independencia y Av. San Juan;Carnaval;18/2/2024 17:00;18/2/2024 23:00;8.000;BOEDO;2024;2
18/2/2024;Carnaval Porteño 2024 - Caballito;"Almirante Juan F. Seguí entre Neuquén y Av. Gaona
";Carnaval;18/2/2024 17:00;18/2/2024 23:00;2.900;CABALLITO;2024;2
18/2/2024;Carnaval Porteño 2024 - Colegiales;Polideportivo Colegiales;Carnaval;18/2/2024 17:00;18/2/2024 23:00;1.000;COLEGIALES;2024;2
18/2/2024;Carnaval Porteño 2024 - Mataderos;Av. Alberdi e/ Escalada y Araujo;Carnaval;18/2/2024 17:00;18/2/2024 23:00;8.000;MATADEROS;2024;2
18/2/2024;Carnaval Porteño 2024 - Palermo 2;Plaza Unidad Latinoamericana;Carnaval;18/2/2024 17:00;18/2/2024 23:00;2.900;PALERMO;2024;2
18/2/2024;Carnaval Porteño 2024 - Saavedra;Av. Garcia del Río e/ Freire y Zapiola;Carnaval;18/2/2024 17:00;18/2/2024 23:00;8.000;SAAVEDRA;2024;2
18/2/2024;Carnaval Porteño 2024 - San Telmo;Anfiteatro Parque Lezama;Carnaval;18/2/2024 17:00;19/2/2024 23:00;2.900;SAN TELMO;2024;2
18/2/2024;Carnaval Porteño 2024 - Villa Devoto;Plaza Teniente General Pablo Ricchieri;Carnaval;18/2/2024 17:00;19/2/2024 23:00;8.000;VILLA DEVOTO;2024;2
18/2/2024;Carnaval Porteño 2024 - Villa Pueyrredón;Av. Mosconi e/ Bolivia y Terrada;Carnaval;18/2/2024 17:00;18/2/2024 23:00;8.000;VILLA PUEYRREDON;2024;2
18/2/2024;Carnaval Porteño 2024 - Villa Urquiza;Av. Triunvirato e/ Monroe y Olazabal;Carnaval;18/2/2024 17:00;18/2/2024 23:00;8.000;VILLA URQUIZA;2024;2
18/2/2024;Verano BA: BA PLAYA;Parque de los Niños;Jornada;18/2/2024 10:00;18/2/2024 20:00;5.000;NUÑEZ;2024;2
18/2/2024;Manu Chao Acústico;Obras Sanitarias de la Nación - Indoors;Recital;18/2/2024 19:00;19/2/2024 01:00;4.980;NUÑEZ;2024;2
20/2/2024;Verano BA: BA PLAYA;Parque de la Ciudad;Jornada;20/2/2024 10:00;20/2/2024 20:00;5.000;VILLA SOLDATI;2024;2
20/2/2024;Mana;Movistar Arena;Recital;20/2/2024 19:00;21/2/2024 03:00;11.513;VILLA CRESPO;2024;2
20/2/2024;Verano BA: BA PLAYA;Parque de los Niños;Jornada;20/2/2024 10:00;20/2/2024 20:00;5.000;NUÑEZ;2024;2
21/2/2024;Verano BA: BA PLAYA;Parque de la Ciudad;Jornada;21/2/2024 10:00;21/2/2024 20:00;5.000;VILLA SOLDATI;2024;2
21/2/2024;Paseo Gastronómico;Campo Argentino de Polo;Paseo;21/2/2024 12:00;21/2/2024 15:00;990;PALERMO;2024;2
21/2/2024;Verano BA: BA PLAYA;Parque de los Niños;Jornada;21/2/2024 10:00;21/2/2024 20:00;5.000;NUÑEZ;2024;2
22/2/2024;Verano BA: BA PLAYA;Parque de la Ciudad;Jornada;22/2/2024 10:00;22/2/2024 20:00;5.000;VILLA SOLDATI;2024;2
22/2/2024;Paseo Gastronómico;Campo Argentino de Polo;Paseo;22/2/2024 12:00;22/2/2024 15:00;990;PALERMO;2024;2
22/2/2024;Mana;Movistar Arena;Recital;22/2/2024 19:00;23/2/2024 01:00;11.513;VILLA CRESPO;2024;2
22/2/2024;Verano BA: BA PLAYA;Parque de los Niños;Jornada;22/2/2024 10:00;22/2/2024 20:00;5.000;NUÑEZ;2024;2
23/2/2024;Verano BA: BA PLAYA;Parque de la Ciudad;Jornada;23/2/2024 10:00;23/2/2024 20:00;5.000;VILLA SOLDATI;2024;2
23/2/2024;Paseo Gastronómico;Campo Argentino de Polo;Paseo;23/2/2024 12:00;23/2/2024 18:00;990;PALERMO;2024;2
23/2/2024;Verano BA: BA PLAYA;Parque de los Niños;Jornada;23/2/2024 10:00;23/2/2024 20:00;5.000;NUÑEZ;2024;2
23/2/2024;Divididos;Obras Sanitarias de la Nación - Indoors;Recital;23/2/2024 19:00;24/2/2024 01:00;4.980;NUÑEZ;2024;2
24/2/2024;Verano BA: BA PLAYA;Parque de la Ciudad;Jornada;24/2/2024 10:00;24/2/2024 20:00;5.000;VILLA SOLDATI;2024;2
24/2/2024;Festival Buena Vibra;Ciudad Universitaria - Campo de Deportes;Recital;24/2/2024 10:00;25/2/2024 01:00;25.000;BELGRANO;2024;2
24/2/2024;Paseo Gastronómico;Campo Argentino de Polo;Paseo;24/2/2024 12:00;24/2/2024 18:00;990;PALERMO;2024;2
24/2/2024;Carnaval Porteño 2024 - Pompeya;Av. La Plata entre Fernandez De La Cruz y Av. Caseros;Carnaval;24/2/2024 14:00;25/2/2024 04:00;2.900;NUEVA POMPEYA;2024;2
24/2/2024;Carnaval Porteño 2024 - Villa Pueyrredón;Av. Mosconi e/ Bolivia y Terrada;Carnaval;24/2/2024 14:00;25/2/2024 04:00;8.000;VILLA PUEYRREDON;2024;2
24/2/2024;Carnaval Porteño 2024 - Palermo 2;Plaza Unidad Latinoamericana;Carnaval;24/2/2024 17:00;24/2/2024 23:00;2.900;PALERMO;2024;2
24/2/2024;Carnaval Porteño 2024 - Villa Devoto;Plaza Teniente General Pablo Ricchieri;Carnaval;24/2/2024 17:00;24/2/2024 23:00;8.000;VILLA DEVOTO;2024;2
24/2/2024;Antor y Más;Moscú - Av. Rafael Obligado 6151;DJ SET;24/2/2024 18:00;25/2/2024 04:00;5.000;PALERMO;2024;2
24/2/2024;Carnaval Porteño 2024 - Mataderos;Av. Alberdi E/ Escalada y Araujo;Carnaval;24/2/2024 18:00;25/2/2024 04:00;8.000;MATADEROS;2024;2
24/2/2024;Mana;Movistar Arena;Recital;24/2/2024 19:00;25/2/2024 01:00;11.513;VILLA CRESPO;2024;2
24/2/2024;Evento Cultural Tipo Cocktail con música House;Reconquista 46;Recital;24/2/2024 23:30;25/2/2024 07:00;900;SAN NICOLÁS;2024;2
24/2/2024;Verano BA: BA PLAYA;Parque de los Niños;Jornada;24/2/2024 10:00;24/2/2024 20:00;5.000;NUÑEZ;2024;2
24/2/2024;Divididos;Obras Sanitarias de la Nación - Indoors;Recital;24/2/2024 19:00;25/2/2024 01:00;4.980;NUÑEZ;2024;2
25/2/2024;Shows DJ - Fiesta Bresh;GEBA - Jorge Newbery;Fiesta;25/2/2024 00:30;26/2/2024 06:30;7.999;PALERMO;2024;2
25/2/2024;Verano BA: BA PLAYA;Parque de la Ciudad;Jornada;25/2/2024 10:00;25/2/2024 20:00;5.000;VILLA SOLDATI;2024;2
25/2/2024;Paseo Gastronómico;Campo Argentino de Polo;Paseo;25/2/2024 12:00;25/2/2024 15:00;990;PALERMO;2024;2
25/2/2024;Carnaval Porteño 2024 - Pompeya;Av. La Plata entre Fernandez De La Cruz y Av. Caseros;Carnaval;25/2/2024 14:00;26/2/2024 04:00;2.900;NUEVA POMPEYA;2024;2
25/2/2024;Carnaval Porteño 2024 - Villa Pueyrredón;Av. Mosconi e/ Bolivia y Terrada;Carnaval;25/2/2024 14:00;26/2/2024 04:00;8.000;VILLA PUEYRREDON;2024;2
25/2/2024;Carnaval Porteño 2024 - Palermo 2;Plaza Unidad Latinoamericana;Carnaval;25/2/2024 17:00;25/2/2024 23:00;2.900;PALERMO;2024;2
25/2/2024;Carnaval Porteño 2024 - Villa Devoto;Plaza Teniente General Pablo Ricchieri;Carnaval;25/2/2024 17:00;25/2/2024 23:00;8.000;VILLA DEVOTO;2024;2
25/2/2024;Carnaval Porteño 2024 - Mataderos;Av. Alberdi E/ Escalada y Araujo;Carnaval;25/2/2024 18:00;26/2/2024 02:00;8.000;MATADEROS;2024;2
28/2/2024;Paseo Gastronómico;Campo Argentino de Polo;Paseo;28/2/2024 12:00;28/2/2024 15:00;990;PALERMO;2024;2
28/2/2024;Laura Pausini;Movistar Arena;Recital;28/2/2024 19:00;29/2/2024 01:00;11.513;VILLA CRESPO;2024;2
29/2/2024;Paseo Gastronómico;Campo Argentino de Polo;Paseo;29/2/2024 12:00;29/2/2024 15:00;990;PALERMO;2024;2
29/2/2024;Airbag;Estadio Luna Park;Recital;29/2/2024 18:30;29/2/2024 23:30;8.200;SAN NICOLÁS;2024;2
1/3/2024;Bizarren;GEBA - Jorge Newbery;Recital;1/3/2024 18:00;2/3/2024 06:30;15.000;PALERMO;2024;3
1/3/2024;Paseo Gastronómico;Campo Argentino de Polo;Paseo;1/3/2024 12:00;1/3/2024 18:00;990;PALERMO;2024;3
1/3/2024;Airbag;Estadio Luna Park;Recital;1/3/2024 18:30;1/3/2024 23:30;8.200;SAN NICOLÁS;2024;3
1/3/2024;Carrera 1/4 de Milla;Autódromo de la Ciudad de Buenos Aires;Carrera;1/3/2024 20:00;2/3/2024 03:00;1.500;VILLA RIACHUELO;2024;3
2/3/2024;Shows DJ - Fiesta Bresh;GEBA - Jorge Newbery;Fiesta;2/3/2024 23:30;3/3/2024 06:30;7.999;PALERMO;2024;3
2/3/2024;Paseo Gastronómico;Campo Argentino de Polo;Paseo;2/3/2024 12:00;2/3/2024 18:00;990;PALERMO;2024;3
2/3/2024;Sunsetstrip;Ciudad Universitaria - Campo de Deportes;DJ SET;2/3/2024 16:00;3/3/2024 01:00;25.000;BELGRANO;2024;3
2/3/2024;Luck Ra;Estadio Luna Park;Recital;2/3/2024 18:30;3/3/2024 23:30;8.400;SAN NICOLÁS;2024;3
2/3/2024;Milendi;Movistar Arena;Recital;2/3/2024 19:00;3/3/2024 01:00;11.513;VILLA CRESPO;2024;3
2/3/2024;Carrera de Midget;Autódromo de la Ciudad de Buenos Aires;Carrera;2/3/2024 18:00;3/3/2024 02:00;1.000;VILLA RIACHUELO;2024;3
2/3/2024;Cumbia Konex;Konex - Sarmiento 3131;Festival;2/3/2024 23:30;3/3/2024 06:00;2.350;BALVANERA;2024;3
3/3/2024;Paseo Gastronómico;Campo Argentino de Polo;Paseo;3/3/2024 12:00;3/3/2024 18:00;990;PALERMO;2024;3
3/3/2024;Sunsetstrip;Ciudad Universitaria - Campo de Deportes;DJ SET;3/3/2024 16:00;4/3/2024 01:00;25.000;BELGRANO;2024;3
3/3/2024;Luck Ra;Estadio Luna Park;Recital;3/3/2024 18:30;4/3/2024 23:30;6.000;SAN NICOLÁS;2024;3
3/3/2024;Mana;Movistar Arena;Recital;3/3/2024 19:00;4/3/2024 01:00;11.513;VILLA CRESPO;2024;3
5/3/2024;Mana;Movistar Arena;Recital;5/3/2024 19:00;6/3/2024 01:00;11.513;VILLA CRESPO;2024;3
5/3/2024;Luis Miguel (Cena de Gala);La Rural - Salón Amarillo;Recital;5/3/2024 19:00;6/3/2024 03:00;2.998;PALERMO;2024;3
6/3/2024;Paseo Gastronómico;Campo Argentino de Polo;Paseo;6/3/2024 12:00;6/3/2024 15:00;990;PALERMO;2024;3
6/3/2024;Luis Miguel;Campo Argentino de Polo;Recital;6/3/2024 16:00;7/3/2024 01:00;43.628;PALERMO;2024;3
7/3/2024;Paseo Gastronómico;Campo Argentino de Polo;Paseo;7/3/2024 12:00;7/3/2024 15:00;990;PALERMO;2024;3
7/3/2024;"Fiesta Santa María Antonia de San José - ""Santa Mamá Antula""";Salta e/ Avenida Independencia y Estados Unidos;Fiesta;7/3/2024 17:00;8/3/2024 00:00;1.000;SAN CRISTOBAL;2024;3
7/3/2024;Cinco meses de silencio, seamos la voz de quienes no tienen voz;Plaza del Correo;Acto;7/3/2024 18:30;7/3/2024 20:30;1.500;SAN NICOLÁS;2024;3
7/3/2024;Raphael;Movistar Arena;Recital;7/3/2024 19:00;8/3/2024 01:00;11.513;VILLA CRESPO;2024;3
8/3/2024;Paseo Gastronómico;Campo Argentino de Polo;Paseo;8/3/2024 12:00;8/3/2024 18:00;990;PALERMO;2024;3
8/3/2024;Luis Miguel;Campo Argentino de Polo;Recital;8/3/2024 16:00;9/3/2024 01:00;43.628;PALERMO;2024;3
9/3/2024;Shows DJ - Fiesta Bresh;GEBA - Jorge Newbery;Fiesta;9/3/2024 23:30;10/3/2024 06:30;7.999;PALERMO;2024;3
9/3/2024;Paseo Gastronómico;Campo Argentino de Polo;Paseo;9/3/2024 12:00;9/3/2024 18:00;990;PALERMO;2024;3
9/3/2024;Nicki Nicole;Movistar Arena;Recital;9/3/2024 19:00;10/3/2024 01:00;11.513;VILLA CRESPO;2024;3
9/3/2024;3am;C Complejo Art Media;Recital;9/3/2024 19:00;9/3/2024 23:00;4.500;VILLA CRESPO;2024;3
9/3/2024;After - Life;Mandarine Art Park - Punta Carrasco;DJ SET;9/3/2024 20:00;10/3/2024 06:00;19.600;PALERMO;2024;3
9/3/2024;Buenos Aires Cumbia;Obras Sanitarias de la Nación - Exterior;Recital;9/3/2024 19:00;10/3/2024 05:00;9.999;NUÑEZ;2024;3
9/3/2024;Luis Miguel;Campo Argentino de Polo;Recital;9/3/2024 16:00;10/3/2024 01:00;43.628;PALERMO;2024;3
10/3/2024;Flama presenta Carl Cox;Autódromo de la Ciudad de Buenos Aires;DJ SET;10/3/2024 18:00;11/3/2024 06:00;12.000;VILLA RIACHUELO;2024;3
10/3/2024;Paseo Gastronómico;Campo Argentino de Polo;Paseo;10/3/2024 12:00;10/3/2024 15:00;990;PALERMO;2024;3
10/3/2024;Carrera Circuito de las Estaciones de Otoño;Avenida Figueroa Alcorta y Dorrego;Carrera;10/3/2024 07:00;10/3/2024 12:00;3.500;PALERMO;2024;3
10/3/2024;Nicki Nicole;Movistar Arena;Recital;10/3/2024 19:00;11/3/2024 01:00;11.513;VILLA CRESPO;2024;3
10/3/2024;After - Life;Mandarine Art Park - Punta Carrasco;DJ SET;10/3/2024 16:00;11/3/2024 01:00;19.600;PALERMO;2024;3
10/3/2024;Luis Miguel;Campo Argentino de Polo;Recital;10/3/2024 16:00;11/3/2024 01:00;43.628;PALERMO;2024;3
12/3/2024;Carrera por la Inclusión en la Ciudad;Av de los Italianos y Macacha Guemes;Carrera;12/3/2024 00:00;12/3/2024 00:00;700;PUERTO MADERO;2024;3
13/3/2024;Paseo Gastronómico;Campo Argentino de Polo;Paseo;13/3/2024 12:00;13/3/2024 15:00;990;PALERMO;2024;3
14/3/2024;Paseo Gastronómico;Campo Argentino de Polo;Paseo;14/3/2024 12:00;14/3/2024 15:00;990;PALERMO;2024;3
14/3/2024;Rey de Jesús;Movistar Arena;Espectáculo;14/3/2024 07:00;14/3/2024 23:00;11.513;VILLA CRESPO;2024;3
15/3/2024;Paseo Gastronómico;Campo Argentino de Polo;Paseo;15/3/2024 12:00;15/3/2024 18:00;990;PALERMO;2024;3
15/3/2024;Rey de Jesús;Movistar Arena;Espectáculo;15/3/2024 07:00;15/3/2024 23:00;11.513;VILLA CRESPO;2024;3
15/3/2024;Divididos;Obras Sanitarias de la Nación - Indoors;Recital;15/3/2024 19:00;16/3/2024 01:00;4.980;NUÑEZ;2024;3
16/3/2024;Shows DJ - Fiesta Bresh;GEBA - Jorge Newbery;Fiesta;16/3/2024 23:30;17/3/2024 06:30;7.999;PALERMO;2024;3
16/3/2024;Paseo Gastronómico;Campo Argentino de Polo;Paseo;16/3/2024 12:00;16/3/2024 18:00;990;PALERMO;2024;3
16/3/2024;Carrera Midget;Autódromo de la Ciudad de Buenos Aires;Carrera;16/3/2024 18:00;17/3/2024 02:00;1.000;VILLA RIACHUELO;2024;3
16/3/2024;Divididos;Obras Sanitarias de la Nación - Indoors;Recital;16/3/2024 19:00;17/3/2024 01:00;4.980;NUÑEZ;2024;3
17/3/2024;Paseo Gastronómico;Campo Argentino de Polo;Paseo;17/3/2024 12:00;17/3/2024 15:00;990;PALERMO;2024;3
17/3/2024;Carrera de Miguel;Miguel Sánchez y Padre Canavery;Carrera;17/3/2024 07:00;17/3/2024 12:00;2.500;NUÑEZ;2024;3
17/3/2024;Marcha de las Antorchas;Plaza Jose Marti;Acto;17/3/2024 17:00;17/3/2024 21:30;1.000;VILLA LUGANO;2024;3
20/3/2024;Paseo Gastronómico;Campo Argentino de Polo;Paseo;20/3/2024 12:00;20/3/2024 15:00;990;PALERMO;2024;3
21/3/2024;Paseo Gastronómico;Campo Argentino de Polo;Paseo;21/3/2024 12:00;21/3/2024 15:00;990;PALERMO;2024;3
21/3/2024;Parque de Pascuas;Av. Paseo Colón y Av. Independencia;Espectáculo;21/3/2024 01:00;21/3/2024 23:55;5.000;SAN TELMO;2024;3
21/3/2024;BAFA;Plaza Pellegrini;Exposición;21/3/2024 16:00;21/3/2024 20:00;3.000;RETIRO;2024;3
21/3/2024;Parque de Pascuas;Facultad de Derecho de la UBA;Espectáculo;21/3/2024 01:00;21/3/2024 23:55;5.000;RECOLETA;2024;3
21/3/2024;Parque de Pascuas;Parque Centenario;Espectáculo;21/3/2024 01:00;21/3/2024 23:55;5.000;CABALLITO;2024;3
21/3/2024;Parque de Pascuas;Parque de la Innovación;Espectáculo;21/3/2024 01:00;21/3/2024 23:55;5.000;NUÑEZ;2024;3
21/3/2024;Parque de Pascuas;Plazoleta del Obelisco;Espectáculo;21/3/2024 01:00;21/3/2024 23:55;5.000;SAN NICOLÁS;2024;3
22/3/2024;Maria Becerra;Estadio Mas Monumental - River Plate;Recital;22/3/2024 14:00;23/3/2024 01:00;69.000;NUÑEZ;2024;3
22/3/2024;LOS PALMERAS;GEBA - Jorge Newbery;Recital;22/3/2024 20:00;23/3/2024 04:00;4.999;PALERMO;2024;3
22/3/2024;Paseo Gastronómico;Campo Argentino de Polo;Paseo;22/3/2024 12:00;22/3/2024 18:00;990;PALERMO;2024;3
22/3/2024;Parque de Pascuas;Av. Paseo Colón y Av. Independencia;Espectáculo;22/3/2024 01:00;22/3/2024 23:55;5.000;SAN TELMO;2024;3
22/3/2024;Milo J.;Movistar Arena;Recital;22/3/2024 19:00;23/3/2024 01:00;14.635;VILLA CRESPO;2024;3
22/3/2024;Parque de Pascuas;Facultad de Derecho de la UBA;Espectáculo;22/3/2024 01:00;22/3/2024 23:55;5.000;RECOLETA;2024;3
22/3/2024;Parque de Pascuas;Parque Centenario;Espectáculo;22/3/2024 01:00;22/3/2024 23:55;5.000;CABALLITO;2024;3
22/3/2024;Parque de Pascuas;Parque de la Innovación;Espectáculo;22/3/2024 01:00;22/3/2024 23:55;5.000;NUÑEZ;2024;3
22/3/2024;Parque de Pascuas;Plazoleta del Obelisco;Espectáculo;22/3/2024 01:00;22/3/2024 23:55;5.000;SAN NICOLÁS;2024;3
22/3/2024;Airbag;Estadio Luna Park;Recital;22/3/2024 18:30;22/3/2024 23:30;8.200;SAN NICOLÁS;2024;3
23/3/2024;Maria Becerra;Estadio Mas Monumental - River Plate;Recital;23/3/2024 14:00;24/3/2024 01:00;69.000;NUÑEZ;2024;3
23/3/2024;Shows DJ - Fiesta Bresh;GEBA - Jorge Newbery;Fiesta;23/3/2024 23:30;24/3/2024 06:30;7.999;PALERMO;2024;3
23/3/2024;Paseo Gastronómico;Campo Argentino de Polo;Paseo;23/3/2024 12:00;23/3/2024 18:00;990;PALERMO;2024;3
23/3/2024;Parque de Pascuas;Av. Paseo Colón y Av. Independencia;Espectáculo;23/3/2024 01:00;23/3/2024 23:55;5.000;SAN TELMO;2024;3
23/3/2024;Parque de Pascuas;Facultad de Derecho de la UBA;Espectáculo;23/3/2024 01:00;23/3/2024 23:55;5.000;RECOLETA;2024;3
23/3/2024;Marcha por la Vida Argentina;Plaza Italia;Acto;23/3/2024 08:00;23/3/2024 20:00;5.000;PALERMO;2024;3
23/3/2024;Milo J.;Movistar Arena;Recital;23/3/2024 19:00;24/3/2024 01:00;14.635;VILLA CRESPO;2024;3
23/3/2024;Parque de Pascuas;Parque Centenario;Espectáculo;23/3/2024 01:00;23/3/2024 23:55;5.000;CABALLITO;2024;3
23/3/2024;Parque de Pascuas;Parque de la Innovación;Espectáculo;23/3/2024 01:00;23/3/2024 23:55;5.000;NUÑEZ;2024;3
23/3/2024;Parque de Pascuas;Plazoleta del Obelisco;Espectáculo;23/3/2024 01:00;23/3/2024 23:55;5.000;SAN NICOLÁS;2024;3
23/3/2024;Festival en el marco del día de la memoria;Plaza de Mayo;Manifestación;23/3/2024 12:00;24/3/2024 02:00;2.500;MONSERRAT;2024;3
23/3/2024;Zeballos;Obras Sanitarias de la Nación - Indoors;Recital;23/3/2024 19:00;24/3/2024 01:00;4.980;NUÑEZ;2024;3
24/3/2024;Paseo Gastronómico;Campo Argentino de Polo;Paseo;24/3/2024 12:00;24/3/2024 15:00;990;PALERMO;2024;3
24/3/2024;Parque de Pascuas;Av. Paseo Colón y Av. Independencia;Espectáculo;24/3/2024 01:00;24/3/2024 23:55;5.000;SAN TELMO;2024;3
24/3/2024;Milo J.;Movistar Arena;Recital;24/3/2024 19:00;25/3/2024 01:00;14.635;VILLA CRESPO;2024;3
24/3/2024;Parque de Pascuas;Parque Centenario;Espectáculo;24/3/2024 01:00;24/3/2024 23:55;5.000;CABALLITO;2024;3
24/3/2024;Parque de Pascuas;Parque de la Innovación;Espectáculo;24/3/2024 01:00;24/3/2024 23:55;5.000;NUÑEZ;2024;3
24/3/2024;Parque de Pascuas;Plazoleta del Obelisco;Espectáculo;24/3/2024 01:00;24/3/2024 23:55;5.000;SAN NICOLÁS;2024;3
24/3/2024;Dia Nacional de la Memoria por la Verdad y la Justicia;Plaza de Mayo;Manifestación;24/3/2024 10:00;24/3/2024 19:00;50.000;MONSERRAT;2024;3
24/3/2024;Dia Nacional de la Memoria por la Verdad y la Justicia 1;Plaza de Mayo;Manifestación;24/3/2024 07:00;24/3/2024 15:00;40.000;MONSERRAT;2024;3
25/3/2024;Parque de Pascuas;Av. Paseo Colón y Av. Independencia;Espectáculo;25/3/2024 01:00;25/3/2024 23:55;5.000;SAN TELMO;2024;3
25/3/2024;Parque de Pascuas;Facultad de Derecho de la UBA;Espectáculo;25/3/2024 01:00;25/3/2024 23:55;5.000;RECOLETA;2024;3
25/3/2024;Parque de Pascuas;Parque Centenario;Espectáculo;25/3/2024 01:00;25/3/2024 23:55;5.000;CABALLITO;2024;3
25/3/2024;Parque de Pascuas;Parque de la Innovación;Espectáculo;25/3/2024 01:00;25/3/2024 23:55;5.000;NUÑEZ;2024;3
25/3/2024;Parque de Pascuas;Plazoleta del Obelisco;Espectáculo;25/3/2024 01:00;25/3/2024 23:55;5.000;SAN NICOLÁS;2024;3
26/3/2024;Parque de Pascuas;Av. Paseo Colón y Av. Independencia;Espectáculo;26/3/2024 01:00;26/3/2024 23:55;5.000;SAN TELMO;2024;3
26/3/2024;Parque de Pascuas;Facultad de Derecho de la UBA;Espectáculo;26/3/2024 01:00;26/3/2024 23:55;5.000;RECOLETA;2024;3
26/3/2024;Parque de Pascuas;Parque Centenario;Espectáculo;26/3/2024 01:00;26/3/2024 23:55;5.000;CABALLITO;2024;3
26/3/2024;Milo J.;Movistar Arena;Recital;26/3/2024 19:00;27/3/2024 01:00;14.635;VILLA CRESPO;2024;3
26/3/2024;Parque de Pascuas;Parque de la Innovación;Espectáculo;26/3/2024 01:00;26/3/2024 23:55;5.000;NUÑEZ;2024;3
26/3/2024;Parque de Pascuas;Plaza Intendente Seeber;Espectáculo;26/3/2024 15:00;26/3/2024 23:00;1.000;PALERMO;2024;3
26/3/2024;Parque de Pascuas;Plazoleta del Obelisco;Espectáculo;26/3/2024 01:00;26/3/2024 23:55;5.000;SAN NICOLÁS;2024;3
27/3/2024;Paseo Gastronómico;Campo Argentino de Polo;Paseo;27/3/2024 12:00;27/3/2024 15:00;990;PALERMO;2024;3
27/3/2024;Parque de Pascuas;Av. Paseo Colón y Av. Independencia;Espectáculo;27/3/2024 01:00;27/3/2024 23:55;5.000;SAN TELMO;2024;3
27/3/2024;Parque de Pascuas;Facultad de Derecho de la UBA;Espectáculo;27/3/2024 01:00;27/3/2024 23:55;5.000;RECOLETA;2024;3
27/3/2024;Parque de Pascuas;Parque Centenario;Espectáculo;27/3/2024 01:00;27/3/2024 23:55;5.000;CABALLITO;2024;3
27/3/2024;Parque de Pascuas;Parque de la Ciudad;Espectáculo;27/3/2024 11:00;27/3/2024 19:00;5.000;VILLA SOLDATI;2024;3
27/3/2024;Milo J.;Movistar Arena;Recital;27/3/2024 19:00;28/3/2024 01:00;14.635;VILLA CRESPO;2024;3
27/3/2024;Parque de Pascuas;Parque de la Innovación;Espectáculo;27/3/2024 01:00;27/3/2024 23:55;5.000;NUÑEZ;2024;3
27/3/2024;Parque de Pascuas;Plaza Intendente Seeber;Espectáculo;27/3/2024 15:00;27/3/2024 23:00;1.000;PALERMO;2024;3
27/3/2024;Parque de Pascuas;Plazoleta del Obelisco;Espectáculo;27/3/2024 01:00;27/3/2024 23:55;5.000;SAN NICOLÁS;2024;3
28/3/2024;Parque de Pascuas;Av. Paseo Colón y Av. Independencia;Espectáculo;28/3/2024 01:00;28/3/2024 23:55;5.000;SAN TELMO;2024;3
28/3/2024;Paseo Gastronómico;Campo Argentino de Polo;Paseo;28/3/2024 12:00;28/3/2024 15:00;990;PALERMO;2024;3
28/3/2024;Parque de Pascuas;Facultad de Derecho de la UBA;Espectáculo;28/3/2024 01:00;28/3/2024 23:55;5.000;RECOLETA;2024;3
28/3/2024;Parque de Pascuas;Parque Centenario;Espectáculo;28/3/2024 01:00;28/3/2024 23:55;5.000;CABALLITO;2024;3
28/3/2024;Parque de Pascuas;Parque de la Ciudad;Espectáculo;28/3/2024 11:00;28/3/2024 19:00;5.000;VILLA SOLDATI;2024;3
28/3/2024;Parque de Pascuas;Parque de la Innovación;Espectáculo;28/3/2024 01:00;28/3/2024 23:55;5.000;NUÑEZ;2024;3
28/3/2024;Parque de Pascuas;Plaza Intendente Seeber;Espectáculo;28/3/2024 15:00;28/3/2024 23:00;1.000;PALERMO;2024;3
28/3/2024;Parque de Pascuas;Plazoleta del Obelisco;Espectáculo;28/3/2024 01:00;28/3/2024 23:55;5.000;SAN NICOLÁS;2024;3
29/3/2024;Parque de Pascuas;Av. Paseo Colón y Av. Independencia;Espectáculo;29/3/2024 01:00;29/3/2024 23:55;5.000;SAN TELMO;2024;3
29/3/2024;Paseo Gastronómico;Campo Argentino de Polo;Paseo;29/3/2024 12:00;29/3/2024 18:00;990;PALERMO;2024;3
29/3/2024;Parque de Pascuas;Facultad de Derecho de la UBA;Espectáculo;29/3/2024 01:00;29/3/2024 23:55;5.000;RECOLETA;2024;3
29/3/2024;Parque de Pascuas;Parque Centenario;Espectáculo;29/3/2024 01:00;29/3/2024 23:55;5.000;CABALLITO;2024;3
29/3/2024;Parque de Pascuas;Parque de la Ciudad;Espectáculo;29/3/2024 11:00;29/3/2024 19:00;5.000;VILLA SOLDATI;2024;3
29/3/2024;Parque de Pascuas;Parque de la Innovación;Espectáculo;29/3/2024 01:00;29/3/2024 23:55;5.000;NUÑEZ;2024;3
29/3/2024;Parque de Pascuas;Plaza Intendente Seeber;Espectáculo;29/3/2024 15:00;29/3/2024 23:00;1.000;PALERMO;2024;3
29/3/2024;Parque de Pascuas;Plazoleta del Obelisco;Espectáculo;29/3/2024 01:00;29/3/2024 23:55;5.000;SAN NICOLÁS;2024;3
30/3/2024;Shows DJ - Fiesta Bresh;GEBA - Jorge Newbery;Fiesta;30/3/2024 23:30;31/3/2024 06:30;7.999;PALERMO;2024;3
30/3/2024;Parque de Pascuas;Av. Paseo Colón y Av. Independencia;Espectáculo;30/3/2024 01:00;30/3/2024 23:55;5.000;SAN TELMO;2024;3
30/3/2024;Peggy Gou;Mandarine Tent;DJ SET;30/3/2024 23:00;31/3/2024 07:00;4.950;PALERMO;2024;3
30/3/2024;Paseo Gastronómico;Campo Argentino de Polo;Paseo;30/3/2024 12:00;30/3/2024 18:00;990;PALERMO;2024;3
30/3/2024;Parque de Pascuas;Facultad de Derecho de la UBA;Espectáculo;30/3/2024 01:00;30/3/2024 23:55;5.000;RECOLETA;2024;3
30/3/2024;Parque de Pascuas;Parque Centenario;Espectáculo;30/3/2024 01:00;30/3/2024 23:55;5.000;CABALLITO;2024;3
30/3/2024;Parque de Pascuas;Parque de la Ciudad;Espectáculo;30/3/2024 11:00;30/3/2024 19:00;5.000;VILLA SOLDATI;2024;3
30/3/2024;Parque de Pascuas;Parque de la Innovación;Espectáculo;30/3/2024 01:00;30/3/2024 23:55;5.000;NUÑEZ;2024;3
30/3/2024;Evento Comunidad Evangélica;Anfiteatro Parque Lezama;Festival;30/3/2024 12:00;30/3/2024 18:00;1.500;SAN TELMO;2024;3
30/3/2024;Parque de Pascuas;Plaza Intendente Seeber;Espectáculo;30/3/2024 15:00;30/3/2024 23:00;1.000;PALERMO;2024;3
30/3/2024;Parque de Pascuas;Plazoleta del Obelisco;Espectáculo;30/3/2024 01:00;30/3/2024 23:55;5.000;SAN NICOLÁS;2024;3
31/3/2024;Parque de Pascuas;Av. Paseo Colón y Av. Independencia;Espectáculo;31/3/2024 01:00;31/3/2024 23:55;5.000;SAN TELMO;2024;3
31/3/2024;Parque de Pascuas;Facultad de Derecho de la UBA;Espectáculo;31/3/2024 01:00;31/3/2024 23:55;5.000;RECOLETA;2024;3
31/3/2024;Parque de Pascuas;Parque Centenario;Espectáculo;31/3/2024 01:00;31/3/2024 23:55;5.000;CABALLITO;2024;3
31/3/2024;Paseo Gastronómico;Campo Argentino de Polo;Paseo;31/3/2024 12:00;31/3/2024 15:00;990;PALERMO;2024;3
31/3/2024;Parque de Pascuas;Parque de la Ciudad;Espectáculo;31/3/2024 11:00;31/3/2024 19:00;5.000;VILLA SOLDATI;2024;3
31/3/2024;Parque de Pascuas;Parque de la Innovación;Espectáculo;31/3/2024 01:00;31/3/2024 23:55;5.000;NUÑEZ;2024;3
31/3/2024;Parque de Pascuas;Plaza Intendente Seeber;Espectáculo;31/3/2024 15:00;31/3/2024 23:00;1.000;PALERMO;2024;3
31/3/2024;Parque de Pascuas;Plazoleta del Obelisco;Espectáculo;31/3/2024 01:00;31/3/2024 23:55;5.000;SAN NICOLÁS;2024;3
1/4/2024;Shows DJ - Fiesta Bresh;GEBA - Jorge Newbery;Fiesta;1/4/2024 23:30;2/4/2024 06:30;7.999;PALERMO;2024;4
1/4/2024;Parque de Pascuas;Av. Paseo Colón y Av. Independencia;Espectáculo;1/4/2024 01:00;1/4/2024 23:55;5.000;SAN TELMO;2024;4
1/4/2024;Parque de Pascuas;Facultad de Derecho de la UBA;Espectáculo;1/4/2024 01:00;1/4/2024 23:55;5.000;RECOLETA;2024;4
1/4/2024;Parque de Pascuas;Parque Centenario;Espectáculo;1/4/2024 01:00;1/4/2024 23:55;5.000;CABALLITO;2024;4
1/4/2024;Parque de Pascuas;Parque de la Ciudad;Espectáculo;1/4/2024 11:00;1/4/2024 19:00;5.000;VILLA SOLDATI;2024;4
1/4/2024;Parque de Pascuas;Parque de la Innovación;Espectáculo;1/4/2024 01:00;1/4/2024 23:55;5.000;NUÑEZ;2024;4
1/4/2024;Parque de Pascuas;Plaza Intendente Seeber;Espectáculo;1/4/2024 15:00;1/4/2024 23:00;1.000;PALERMO;2024;4
1/4/2024;Parque de Pascuas;Plazoleta del Obelisco;Espectáculo;1/4/2024 01:00;1/4/2024 23:55;5.000;SAN NICOLÁS;2024;4
2/4/2024;Acto Central y bicicleteada en conmemoración por el “Día Mundial y Nacional de Concienciación sobre el Autismo”;Plaza del Vaticano;Bicicleteada;2/4/2024 14:00;2/4/2024 20:00;2.000;SAN NICOLÁS;2024;4
3/4/2024;Paseo Gastronómico;Campo Argentino de Polo;Paseo;3/4/2024 12:00;3/4/2024 15:00;990;PALERMO;2024;4
4/4/2024;Paseo Gastronómico;Campo Argentino de Polo;Paseo;4/4/2024 12:00;4/4/2024 15:00;990;PALERMO;2024;4
4/4/2024;Mon Laferte (el “show”);Movistar Arena;Recital;4/4/2024 19:00;5/4/2024 01:00;11.227;VILLA CRESPO;2024;4
5/4/2024;Paseo Gastronómico;Campo Argentino de Polo;Paseo;5/4/2024 12:00;5/4/2024 18:00;990;PALERMO;2024;4
6/4/2024;Shows DJ - Fiesta Bresh;GEBA - Jorge Newbery;Fiesta;6/4/2024 23:30;7/4/2024 06:30;7.999;PALERMO;2024;4
6/4/2024;Paseo Gastronómico;Campo Argentino de Polo;Paseo;6/4/2024 12:00;6/4/2024 18:00;990;PALERMO;2024;4
6/4/2024;Competencia de Baile Urbano;Plaza República Federativa del Brasil;Espectáculo;6/4/2024 16:00;6/4/2024 20:00;800;RECOLETA;2024;4
6/4/2024;Corona Sunset 2024;Ciudad Universitaria - Campo de Deportes;DJ SET;6/4/2024 16:00;7/4/2024 01:00;4.990;BELGRANO;2024;4
6/4/2024;Emilia Mernes;Movistar Arena;Recital;6/4/2024 19:00;7/4/2024 01:00;11.513;VILLA CRESPO;2024;4
7/4/2024;Paseo Gastronómico;Campo Argentino de Polo;Paseo;7/4/2024 12:00;7/4/2024 15:00;990;PALERMO;2024;4
7/4/2024;Carrera Farmacity;Palermo;Carrera;7/4/2024 07:00;7/4/2024 12:00;5.000;PALERMO;2024;4
7/4/2024;Carrera Fila;Palermo;Carrera;7/4/2024 07:00;7/4/2024 12:00;7.000;PALERMO;2024;4
7/4/2024;Carrera 21k ASICS;Palermo;Carrera;7/4/2024 07:30;7/4/2024 11:30;8.500;PALERMO;2024;4
7/4/2024;Emilia Mernes;Movistar Arena;Recital;7/4/2024 19:00;8/4/2024 01:00;11.513;VILLA CRESPO;2024;4
7/4/2024;Fiesta Patronal Jesús Misericordioso;Parroquia Jesus Misericordioso;Fiesta;7/4/2024 06:00;7/4/2024 22:00;12.000;VILLA URQUIZA;2024;4
10/4/2024;Paseo Gastronómico;Campo Argentino de Polo;Paseo;10/4/2024 12:00;10/4/2024 15:00;990;PALERMO;2024;4
11/4/2024;Paseo Gastronómico;Campo Argentino de Polo;Paseo;11/4/2024 12:00;11/4/2024 15:00;990;PALERMO;2024;4
11/4/2024;Dante Gebel;Movistar Arena;Conferencia;11/4/2024 18:30;12/4/2024 01:00;11.513;VILLA CRESPO;2024;4
12/4/2024;Paseo Gastronómico;Campo Argentino de Polo;Paseo;12/4/2024 12:00;12/4/2024 18:00;990;PALERMO;2024;4
12/4/2024;Virus;Movistar Arena;Recital;12/4/2024 19:00;13/4/2024 01:00;11.513;VILLA CRESPO;2024;4
13/4/2024;Shows DJ - Fiesta Bresh;GEBA - Jorge Newbery;Fiesta;13/4/2024 23:30;14/4/2024 06:30;7.999;PALERMO;2024;4
13/4/2024;Paseo Gastronómico;Campo Argentino de Polo;Paseo;13/4/2024 12:00;13/4/2024 18:00;990;PALERMO;2024;4
13/4/2024;Megadeth;Movistar Arena;Recital;13/4/2024 17:00;14/4/2024 01:00;13.319;VILLA CRESPO;2024;4
14/4/2024;Paseo Gastronómico;Campo Argentino de Polo;Paseo;14/4/2024 12:00;14/4/2024 15:00;990;PALERMO;2024;4
14/4/2024;Megadeth;Movistar Arena;Recital;14/4/2024 17:00;15/4/2024 01:00;13.319;VILLA CRESPO;2024;4
15/4/2024;Tom Jones;Movistar Arena;Recital;15/4/2024 19:00;16/4/2024 01:00;11.513;VILLA CRESPO;2024;4
16/4/2024;Megadeth;Movistar Arena;Recital;16/4/2024 17:00;17/4/2024 01:00;13.319;VILLA CRESPO;2024;4
17/4/2024;Paseo Gastronómico;Campo Argentino de Polo;Paseo;17/4/2024 12:00;17/4/2024 15:00;990;PALERMO;2024;4
17/4/2024;NTVG;Estadio José Amalfitani - Velez Sarsfield;Recital;17/4/2024 16:00;17/4/2024 01:00;45.585;LINIERS;2024;4
18/4/2024;Paseo Gastronómico;Campo Argentino de Polo;Paseo;18/4/2024 12:00;18/4/2024 15:00;990;PALERMO;2024;4
18/4/2024;Fiesta Patronal San Expedito;Parroquia Nuestra Señora de Balvanera / Santuario San Expedito;Fiesta;18/4/2024 10:00;18/4/2024 23:59;1.000;BALVANERA;2024;4
19/4/2024;Paseo Gastronómico;Campo Argentino de Polo;Paseo;19/4/2024 12:00;19/4/2024 18:00;990;PALERMO;2024;4
19/4/2024;Camelphat;Mandarine Tent;DJ SET;19/4/2024 23:00;24/4/2024 07:00;4.950;PALERMO;2024;4
19/4/2024;El Cumbión de la Delio;Obras Sanitarias de la Nación - Exterior;Recital;19/4/2024 19:00;20/4/2024 05:00;9.999;NUÑEZ;2024;4
19/4/2024;Fiesta Patronal San Expedito;Parroquia Nuestra Señora de Balvanera / Santuario San Expedito;Fiesta;19/4/2024 10:00;19/4/2024 23:30;1.000;BALVANERA;2024;4
19/4/2024;Día Internacional de las Buenas Acciones;Ministerio de Desarrollo Humano y Hábitat;Festival;19/4/2024 12:00;19/4/2024 17:00;1.000;VILLA LUGANO;2024;4
19/4/2024;Emilia Mernes;Movistar Arena;Recital;19/4/2024 19:00;20/4/2024 01:00;11.513;VILLA CRESPO;2024;4
20/4/2024;Shows DJ - Fiesta Bresh;GEBA - Jorge Newbery;Fiesta;20/4/2024 23:30;21/4/2024 06:30;7.999;PALERMO;2024;4
20/4/2024;Paseo Gastronómico;Campo Argentino de Polo;Paseo;20/4/2024 12:00;20/4/2024 18:00;990;PALERMO;2024;4
20/4/2024;Festival 79 años Telam, defensa de los medios públicos;Plaza del Congreso;Festival;20/4/2024 14:00;20/4/2024 22:00;2.000;MONSERRAT;2024;4
20/4/2024;Emilia Mernes;Movistar Arena;Recital;20/4/2024 19:00;21/4/2024 01:00;11.513;VILLA CRESPO;2024;4
20/4/2024;Las Pastillas del Abuelo;Estadio Arquitecto Ricardo Etcheverri - Ferro Carril Oeste;Recital;20/4/2024 19:00;21/4/2024 01:00;32.610;CABALLITO;2024;4
20/4/2024;Monumento bajo las estrellas;Plaza Sicilia;Festival;20/4/2024 19:00;20/4/2024 23:00;2.000;PALERMO;2024;4
20/4/2024;Deborah de Luca + Anhauser;Moscú - Av. Rafael Obligado 6151;DJ SET;20/4/2024 23:00;25/4/2024 06:00;4.900;PALERMO;2024;4
20/4/2024;Divididos;Obras Sanitarias de la Nación - Indoors;Recital;20/4/2024 19:00;21/4/2024 01:00;4.980;NUÑEZ;2024;4
21/4/2024;Paseo Gastronómico;Campo Argentino de Polo;Paseo;21/4/2024 12:00;21/4/2024 15:00;990;PALERMO;2024;4
21/4/2024;Emilia Mernes;Movistar Arena;Recital;21/4/2024 19:00;22/4/2024 01:00;11.513;VILLA CRESPO;2024;4
23/4/2024;Emilia Mernes;Movistar Arena;Recital;23/4/2024 19:00;24/4/2024 01:00;11.513;VILLA CRESPO;2024;4
24/4/2024;Paseo Gastronómico;Campo Argentino de Polo;Paseo;24/4/2024 12:00;24/4/2024 15:00;990;PALERMO;2024;4
25/4/2024;Paseo Gastronómico;Campo Argentino de Polo;Paseo;25/4/2024 12:00;25/4/2024 15:00;990;PALERMO;2024;4
25/4/2024;Jonas Brothers;Movistar Arena;Recital;25/4/2024 19:00;26/4/2024 01:00;13.953;VILLA CRESPO;2024;4
26/4/2024;Paseo Gastronómico;Campo Argentino de Polo;Paseo;26/4/2024 12:00;26/4/2024 18:00;990;PALERMO;2024;4
26/4/2024;Karol G;Estadio José Amalfitani - Velez Sarsfield;Recital;26/4/2024 17:00;27/4/2024 01:00;45.498;LINIERS;2024;4
26/4/2024;Jonas Brothers;Movistar Arena;Recital;26/4/2024 19:00;27/4/2024 01:00;13.953;VILLA CRESPO;2024;4
27/4/2024;Shows DJ - Fiesta Bresh;GEBA - Jorge Newbery;Fiesta;27/4/2024 23:30;28/4/2024 06:30;7.999;PALERMO;2024;4
27/4/2024;Mariano Mellino;Mandarine Tent;DJ SET;27/4/2024 17:00;28/4/2024 00:00;4.950;PALERMO;2024;4
27/4/2024;Paseo Gastronómico;Campo Argentino de Polo;Paseo;27/4/2024 12:00;27/4/2024 18:00;990;PALERMO;2024;4
27/4/2024;Karol G;Estadio José Amalfitani - Velez Sarsfield;Recital;27/4/2024 17:00;28/4/2024 01:00;45.498;LINIERS;2024;4
27/4/2024;Jonas Brothers;Movistar Arena;Recital;27/4/2024 19:00;28/4/2024 01:00;13.953;VILLA CRESPO;2024;4
28/4/2024;Mariano Mellino;Mandarine Tent;DJ SET;28/4/2024 17:00;29/4/2024 00:00;4.950;PALERMO;2024;4
28/4/2024;Paseo Gastronómico;Campo Argentino de Polo;Paseo;28/4/2024 12:00;28/4/2024 15:00;990;PALERMO;2024;4
28/4/2024;Carrera Maratana;Avenida Figueroa Alcorta y Dorrego;Carrera;28/4/2024 08:00;28/4/2024 11:30;6.000;PALERMO;2024;4
29/4/2024;ENDEAVOR;Movistar Arena;Charla;29/4/2024 19:00;30/4/2024 01:00;11.581;VILLA CRESPO;2024;4
1/5/2024;Roberto Carlos;Movistar Arena;Recital;1/5/2024 19:00;2/5/2024 01:00;11.581;VILLA CRESPO;2024;5
1/5/2024;Mr. Big/Sebastian Bach;Obras Sanitarias de la Nación - Indoors;Recital;1/5/2024 18:00;2/5/2024 00:30;4.980;NUÑEZ;2024;5
4/5/2024;Ritchie Hawtin;GEBA - Jorge Newbery;DJ SET;4/5/2024 21:00;5/5/2024 06:00;9.999;PALERMO;2024;5
4/5/2024;Los Perez Garcia;Obras Sanitarias de la Nación - Indoors;Recital;4/5/2024 19:00;5/5/2024 01:00;4.980;NUÑEZ;2024;5
4/5/2024;24hs de Ciclismo;Parque Sarmiento;Bicicleteada;4/5/2024 00:01;4/5/2024 23:59;1.000;SAAVEDRA;2024;5
5/5/2024;Carrera Unión Europea 15k BSAS RUN 2024;Palermo;Carrera;5/5/2024 07:00;5/5/2024 12:00;6.000;PALERMO;2024;5
5/5/2024;David Lebon;Movistar Arena;Recital;5/5/2024 19:00;6/5/2024 01:00;11.581;VILLA CRESPO;2024;5
5/5/2024;24hs de Ciclismo;Parque Sarmiento;Bicicleteada;5/5/2024 00:01;5/5/2024 23:59;1.000;SAAVEDRA;2024;5
6/5/2024;Fiesta Fa;Obras Sanitarias de la Nación - Indoors;Recital;6/5/2024 20:00;7/5/2024 03:00;4.980;NUÑEZ;2024;5
8/5/2024;Retail Day;Centro de Convenciones;;8/5/2024 00:00;8/5/2024 00:00;8.000;RECOLETA;2024;5
9/5/2024;Ana Gabriel;Movistar Arena;Recital;9/5/2024 19:00;10/5/2024 01:00;11.581;VILLA CRESPO;2024;5
9/5/2024;KOOL & THE GANG + VILLAGE PEOPLE;Estadio Luna Park;;9/5/2024 19:30;9/5/2024 00:00;8.000;SAN NICOLÁS;2024;5
10/5/2024;Ruben Rada;Estadio Luna Park;;10/5/2024 00:00;10/5/2024 00:00;8.000;SAN NICOLÁS;2024;5
10/5/2024;50°Aniversario fallecimiento P. Carlos Mugica;Parroquia Cristo Obrero;Acto;10/5/2024 18:00;11/5/2024 00:00;1.000;RETIRO;2024;5
10/5/2024;Luciano Pereyra;Movistar Arena;Recital;10/5/2024 19:00;11/5/2024 01:00;11.513;VILLA CRESPO;2024;5
11/5/2024;Kevin de Vries;Mandarine Tent;DJ SET;11/5/2024 17:00;12/5/2024 00:00;4.950;PALERMO;2024;5
11/5/2024;CAROLINA HERRERA 212 NYC RUN 2024;Av. De los Italianos, entre Macacha Güemes y Marta Lynch;Carrera;11/5/2024 17:30;11/5/2024 20:30;2.200;PUERTO MADERO;2024;5
11/5/2024;Luciano Pereyra;Movistar Arena;Recital;11/5/2024 19:00;12/5/2024 01:00;11.513;VILLA CRESPO;2024;5
11/5/2024;Performance de danza y Música by Bresh;GEBA - Jorge Newbery;Fiesta;11/5/2024 23:30;12/5/2024 06:30;7.999;PALERMO;2024;5
12/5/2024;"Fiesta Patronal ""Ntra. Sra. de Luján de los Patriotas""";Av. Emilio Castro e/ Carhue y Andalaga;Fiesta;12/5/2024 10:30;12/5/2024 13:00;1.000;MATADEROS;2024;5
12/5/2024;50°Aniversario fallecimiento P. Carlos Mugica;Plaza General San Martín;Acto;12/5/2024 11:00;13/5/2024 17:00;10.000;RETIRO;2024;5
12/5/2024;Dread Mar I;Movistar Arena;Recital;12/5/2024 19:00;13/5/2024 01:00;14.703;VILLA CRESPO;2024;5
13/5/2024;La Konga;Movistar Arena;Recital;13/5/2024 19:00;14/5/2024 01:00;11.581;VILLA CRESPO;2024;5
14/5/2024;La Konga;Movistar Arena;Recital;14/5/2024 19:00;15/5/2024 01:00;11.581;VILLA CRESPO;2024;5
15/5/2024;La Konga;Movistar Arena;Recital;15/5/2024 19:00;16/5/2024 01:00;11.581;VILLA CRESPO;2024;5
16/5/2024;Luck Ra;Movistar Arena;Recital;16/5/2024 19:00;17/5/2024 01:00;11.581;VILLA CRESPO;2024;5
16/5/2024;DÍA DEL RECICLAJE;Plaza de la República;Capacitación;16/5/2024 07:00;16/5/2024 07:00;5.000;SAN NICOLÁS;2024;5
17/5/2024;Luck Ra;Movistar Arena;Recital;17/5/2024 19:00;18/5/2024 01:00;11.581;VILLA CRESPO;2024;5
17/5/2024;DÍA DEL RECICLAJE;Plaza de la República;Capacitación;17/5/2024 07:00;17/5/2024 07:00;5.000;SAN NICOLÁS;2024;5
18/5/2024;Performance de danza y Música by Bresh;GEBA - Roel Mora;Fiesta;18/5/2024 23:30;19/5/2024 06:30;2.400;PALERMO;2024;5
18/5/2024;Louis Tomlinson;Estadio José Amalfitani - Velez Sarsfield;Recital;18/5/2024 13:00;19/5/2024 01:00;30.000;LINIERS;2024;5
18/5/2024;La Beriso;Movistar Arena;Recital;18/5/2024 19:00;19/5/2024 01:00;14.635;VILLA CRESPO;2024;5
18/5/2024;Nuestro Romance;Obras Sanitarias de la Nación - Indoors;Recital;18/5/2024 19:00;19/5/2024 02:00;4.980;NUÑEZ;2024;5
18/5/2024;DÍA DEL RECICLAJE;Plaza de la República;Capacitación;18/5/2024 07:00;18/5/2024 07:00;5.000;SAN NICOLÁS;2024;5
19/5/2024;The Distinguished Gentleman´s Ride (11° edición del DGR BUENOS AIRES 2024);Facultad de Derecho de la UBA;Jornada;19/5/2024 08:30;19/5/2024 14:30;3.500;RECOLETA;2024;5
19/5/2024;Ceremonia de Vesak o Baño de Buda;Arribeños y Av. Olazábal;Encuentro;19/5/2024 12:00;19/5/2024 18:00;10.000;BELGRANO;2024;5
20/5/2024;La Konga;Movistar Arena;Recital;20/5/2024 19:00;22/5/2024 01:00;11.581;VILLA CRESPO;2024;5
22/5/2024;Justin Quiles;Movistar Arena;Recital;22/5/2024 19:00;23/5/2024 01:00;14.703;VILLA CRESPO;2024;5
24/5/2024;Cultura Profética;Movistar Arena;Recital;24/5/2024 19:00;25/5/2025 01:00;14.703;VILLA CRESPO;2024;5
24/5/2024;Festejo Patrio Comunitario - Ntra. Sra. de las Nieves;Ventura Bosch entre las calles Lisandro de la Torre y Martiniano Leguizamón;Fiesta;24/5/2024 16:00;25/5/2024 00:00;1.200;LINIERS;2024;5
25/5/2024;Performance de danza y Música by Bresh;GEBA - Roel Mora;Fiesta;25/5/2024 23:30;26/5/2024 06:30;2.400;PALERMO;2024;5
25/5/2024;Miss Monique;Mandarine Tent;DJ SET;25/5/2024 17:00;26/5/2024 00:00;4.950;PALERMO;2024;5
25/5/2024;Carrera Fiestas Mayas;Av. Figueroa Alcorta entre Monroe y Juramento;Carrera;25/5/2024 08:00;25/5/2024 12:00;12.000;PALERMO;2024;5
25/5/2024;LA VELA PUERCA;Movistar Arena;Recital;25/5/2024 19:00;26/5/2024 01:00;14.703;VILLA CRESPO;2024;5
26/5/2024;Emilia Mernes;Movistar Arena;Recital;26/5/2024 19:00;26/5/2024 01:00;11.513;VILLA CRESPO;2024;5
26/5/2024;Celebra Europa 2024;Av. de Mayo e/ Bolivar y Bernardo de Irigoyen;Fiesta;26/5/2024 11:00;26/5/2024 19:00;10.000;MONSERRAT;2024;5
28/5/2024;The Calling;GEBA - Roel Mora;Recital;28/5/2024 20:00;28/5/2024 23:00;2.200;PALERMO;2024;5
28/5/2024;Premios Gardel;Movistar Arena;Acto;28/5/2024 19:00;29/5/2024 01:00;10.935;VILLA CRESPO;2024;5
29/5/2024;Emilia Mernes;Movistar Arena;Recital;29/5/2024 19:00;30/5/2024 01:00;11.513;VILLA CRESPO;2024;5
30/5/2024;Emilia Mernes;Movistar Arena;Recital;30/5/2024 19:00;31/5/2024 01:00;11.513;VILLA CRESPO;2024;5
31/5/2024;Emilia Mernes;Movistar Arena;Recital;31/5/2024 19:00;1/6/2024 01:00;11.513;VILLA CRESPO;2024;5
1/6/2024;Solemnidad de Corpus Christi;Plaza de Mayo;Procesión;1/6/2024 09:00;1/6/2024 18:00;5.000;MONSERRAT;2024;6
6/6/2024;Exóticos en Argentina;Club Hípico Argentino;Exhibición;6/6/2024 11:00;6/6/2024 19:00;9.990;NUÑEZ;2024;6
8/6/2024;Camila;Movistar Arena;Recital;8/6/2024 19:00;8/6/2024 01:00;11.533;VILLA CRESPO;2024;6
8/6/2024;Massano;Mandarine Tent;DJ SET;8/6/2024 23:00;9/6/2024 07:00;5.000;PALERMO;2024;6
8/6/2024;Performance de danza y Música by Bresh;GEBA - Roel Mora;Fiesta;8/6/2024 23:30;9/6/2024 06:30;2.400;PALERMO;2024;6
14/6/2024;Babasónicos;Movistar Arena;Recital;14/6/2024 19:00;15/6/2024 01:00;14.635;VILLA CRESPO;2024;6
15/6/2024;Babasónicos;Movistar Arena;Recital;15/6/2024 19:00;16/6/2024 01:00;14.635;VILLA CRESPO;2024;6
15/6/2024;Shows DJ - Fiesta Bresh;Mandarine Tent;Fiesta;15/6/2024 23:00;16/6/2024 07:00;5.000;PALERMO;2024;6
15/6/2024;Wasabi;GEBA - Roel Mora;Recital;15/6/2024 23:30;16/5/2024 06:30;2.000;PALERMO;2024;6
16/6/2024;El Mato un Policia Motorizado;Movistar Arena;Recital;16/6/2024 19:00;17/6/2024 01:00;14.703;VILLA CRESPO;2024;6
18/6/2024;Miranda;Movistar Arena;Recital;18/6/2024 19:00;19/6/2024 01:00;11.003;VILLA CRESPO;2024;6
19/6/2024;Dia de la bandera;Teatro Colón;Jornada;19/6/2024 09:50;19/6/2024 11:15;1.800;SAN NICOLÁS;2024;6
20/6/2024;YSY A;Mandarine Art Park - Punta Carrasco;Recital;20/6/2024 17:00;20/6/2024 22:00;20.000;SAAVEDRA;2024;6
20/6/2024;Miranda;Movistar Arena;Recital;20/6/2024 19:00;24/6/2024 01:00;14.003;VILLA CRESPO;2024;6
21/6/2024;Miranda;Movistar Arena;Recital;21/6/2024 19:00;22/6/2024 01:00;14.003;VILLA CRESPO;2024;6
22/6/2024;Miranda;Movistar Arena;Recital;22/6/2024 19:00;23/6/2024 01:00;14.003;VILLA CRESPO;2024;6
22/6/2024;Los Caballeros de la Quema;Obras Sanitarias de la Nación - Indoors;Recital;22/6/2024 19:00;23/6/2024 01:00;5.000;NUÑEZ;2024;6
22/6/2024;Amelie Lens;Mandarine Tent;DJ SET;22/6/2024 23:00;23/6/2024 07:00;5.000;PALERMO;2024;6
22/6/2024;Performance de danza y Música by Bresh;GEBA - Roel Mora;Fiesta;22/6/2024 23:30;23/6/2024 06:30;2.400;PALERMO;2024;6
25/6/2024;Rawayana;Obras Sanitarias de la Nación - Indoors;Recital;25/6/2024 19:00;26/6/2024 01:00;5.000;NUÑEZ;2024;6
29/6/2024;Fiesta de San Juan;Parroquia Virgen de los Milagros de Caacupé – Barrio 21-24;Fiesta;29/6/2024 10:00;30/6/2024 00:00;2.000;BARRACAS;2024;6
29/6/2024;Ferias de las Parrillas;Parque de Mataderos;Feria;29/6/2024 11:00;29/6/2024 18:00;50.000;MATADEROS;2024;6
29/6/2024;Secret Garden;Rosedal de Palermo;Exhibición;29/6/2024 18:30;30/6/2024 01:00;5.000;PALERMO;2024;6
29/6/2024;Performance de danza y Música by Bresh;GEBA - Roel Mora;Fiesta;29/6/2024 23:30;30/6/2024 06:30;2.400;PALERMO;2024;6
